,name,category,sim
0,두숫놈,식당,tensor([[0.2732]])
1,해장요리전문 임사부국밥 미사점,한식당,tensor([[0.3505]])
2,바이더크릭(by the creek),호프,tensor([[0.2503]])
3,카멜레온 다이닝(CHAMELEON DINING),식당,tensor([[0.2324]])
4,낙원할머니뼛칼 본점,한식당,tensor([[0.3305]])
5,하남 찰리황,중국집,tensor([[0.3179]])
6,청록 미나리식당 미사강변점,한식당,tensor([[0.3077]])
7,미분당 미사역점,아시안 음식,tensor([[0.2901]])
8,슬로우캘리 하남미사점,야채,tensor([[0.3070]])
9,담아봄에,한식당,tensor([[0.3117]])
10,스타클럽 5 푸드풋팅(star club 5 food futting),한식당,tensor([[0.3094]])
11,소주물 하남시청점,고기,tensor([[0.2524]])
12,더피쉬워크샵,해물,tensor([[0.1466]])
13,한솥도시락 하남감일점,식당 아님,tensor([[0.2730]])
14,짬뽕관 하남미사점,중국집,tensor([[0.3355]])
15,주덜트,식당,tensor([[0.2750]])
16,연족,고기,tensor([[0.3079]])
17,무궁화주택 하남미사점,식당,tensor([[0.2724]])
18,미사 참숯불갈비,한식당,tensor([[0.3105]])
19,불꾸러기,고기,tensor([[0.3074]])
20,처갓집양념치킨 북위례점,치킨,tensor([[0.3741]])
21,마장동고기집 미사점,고기,tensor([[0.3421]])
22,보배반점 하남미사점,중국집,tensor([[0.3432]])
23,모토이시 하남 미사점,고기,tensor([[0.2793]])
24,인생아구찜 미사점,해물,tensor([[0.1541]])
25,큰집닭강정 위례점,해물,0.0
26,마린보이 코다리1번가(망월점),해물,tensor([[0.1393]])
27,포도 앤 보리,카페,tensor([[0.2373]])
28,한라맥주 미사신도시점,호프,tensor([[0.2748]])
29,준이네 숯불닭갈비,고기,tensor([[0.3365]])
30,프리티플레저,베이커리,tensor([[0.2771]])
31,빈타그런스 브루잉 바,카페,tensor([[0.3595]])
32,돌깨마을맷돌순두부 하남미사점,한식당,tensor([[0.3340]])
33,구가네 닭강정 호프,치킨,tensor([[0.3695]])
34,베르온,양식,tensor([[0.1059]])
35,노모어 피자 하남시청역점,피자,tensor([[0.3324]])
36,손님상,한식당,tensor([[0.3430]])
37,아담만두(미사점),분식,tensor([[0.1913]])
38,방배동 할매쭈꾸미 하남미사점,해물,tensor([[0.1480]])
39,탐나는 피자 하남점,피자,tensor([[0.3847]])
40,윈터포레스트1224(Winter Forest 1224),카페,tensor([[0.3355]])
41,대동면옥 올림픽공원직영점,한식당,tensor([[0.3182]])
42,소소밀 베이커리(SoSoMeal Bakery),베이커리,tensor([[0.3780]])
43,나타 커피 하우스,카페,tensor([[0.3043]])
44,라이크어시네마 하남미사점,카페,tensor([[0.2215]])
45,조선부뚜막 하남감일점,고기,tensor([[0.3731]])
46,오고가 미사점,해물,tensor([[0.2455]])
47,미사 메밀관,한식당,tensor([[0.3402]])
48,한솥 미사역9번출구점,식당 아님,tensor([[0.3053]])
49,심플레이스 하남점,카페,tensor([[0.3165]])
50,한양화로 위례점,카페,0.0
51,한없는커피,카페,0.0
52,하타네 하남미사점,카페,0.0
53,오션스펍 하남미사점,카페,0.0
54,옥된장 미사스카이폴리스점,카페,0.0
55,역전할머니맥주 하남북위례점,카페,0.0
56,레디타임(readytime),카페,0.0
57,탭플레이커피 스타필드 하남점,카페,0.0
58,화포식당 감일점,고기,tensor([[0.3510]])
59,한회장댁,고기,0.0
60,춘리마라탕 미사점,고기,0.0
61,모랑 하남지산IS점,한식당,tensor([[0.3361]])
62,생마차 하남미사점,한식당,0.0
63,크닭,한식당,0.0
64,귀한족발 하남감일지구점,고기,tensor([[0.2719]])
65,솥단지 찹쌀순대국,식당,tensor([[0.2698]])
66,플라워앤쭈,한식당,tensor([[0.2704]])
67,딜리스볼,한식당,tensor([[0.3066]])
68,게런티 홀덤 라운지,한식당,0.0
69,힘난다버거 하남감일점,햄버거,tensor([[0.3804]])
70,행복소머리곰탕전문,한식당,tensor([[0.3119]])
71,츠카미치,일식집,tensor([[0.1967]])
72,자담치킨 하남풍산점,일식집,0.0
73,시온미반,한식당,tensor([[0.3379]])
74,떠오름 푸드,식당 아님,tensor([[0.2015]])
75,고메스퀘어 미사점,뷔페,tensor([[0.3275]])
76,더피제리아마켓,피자,tensor([[0.3907]])
77,삼산회관 하남미사강변점,고기,tensor([[0.3157]])
78,더노벰버라운지 하남감일점,고기,0.0
79,압구정화로구이 하남시청점,고기,0.0
80,죽이야기 감일점,한식당,tensor([[0.3096]])
81,봄봄 하남미사점,한식당,tensor([[0.3202]])
82,레알 청아간장게장,한식당,tensor([[0.3208]])
83,아토키토 하남위례점,야채,tensor([[0.3492]])
84,김뚜껑 부대찌개 미사역점,한식당,tensor([[0.3320]])
85,운미가,식당,tensor([[0.2814]])
86,미사정육왕,고기,tensor([[0.3500]])
87,라스트춘선 하남점,한식당,tensor([[0.3048]])
88,밥밥디라라 하남미사강변점,한식당,tensor([[0.2749]])
89,또래오래 북위례점,치킨,tensor([[0.3286]])
90,디디키키 베이커리,베이커리,tensor([[0.3240]])
91,참살이 샐러드,야채,tensor([[0.3494]])
92,마장동 정 순대국,식당,tensor([[0.2744]])
93,시선 하남미사점,일식집,tensor([[0.3283]])
94,우리할매떡볶이 하남미사점,분식,tensor([[0.2079]])
95,처갓집양념치킨 감일점,치킨,tensor([[0.3849]])
96,탕화쿵푸 감일점,중국집,tensor([[0.2319]])
97,편백가원 하남미사점,샤브샤브,tensor([[0.2173]])
98,한남동그집 현대지식산업센터2차점,식당,tensor([[0.2901]])
99,브라운돈까스 하남감일점,돈가스,tensor([[0.1492]])
100,딤타오 하남스타필드점,중국집,tensor([[0.2907]])
101,산드르 한방약초 샤브,한식당,tensor([[0.3039]])
102,한솥도시락 미사2동점,식당 아님,tensor([[0.2672]])
103,갈속집 하남시청역점,고기,tensor([[0.3794]])
104,350 스노우 에비뉴(Snow Avenue),고기,0.0
105,겟레디커피(Get Ready Coffee),카페,tensor([[0.2785]])
106,인생장칼 하남풍산점,분식,tensor([[0.2048]])
107,하하족발,고기,tensor([[0.2903]])
108,호빈초밥,일식집,tensor([[0.2497]])
109,별룸포차,식당,tensor([[0.2084]])
110,우대포 미사직영점,고기,tensor([[0.3139]])
111,테이스트앤드테이스트 피자 스탠드 하남 스타필드점,피자,tensor([[0.4964]])
112,야마이루식 우동,분식,tensor([[0.2415]])
113,무청감자탕 한강미사점,식당,tensor([[0.2702]])
114,브런치&카페 알로(Brunch&Cafe allo),카페,tensor([[0.2887]])
115,철길부산집 하남감일점,식당,tensor([[0.2339]])
116,미사맛집 배째 닭한마리 칼국수,고기,tensor([[0.3091]])
117,하남냉삼0458,한식당,tensor([[0.3470]])
118,청년분식 하남미사점,분식,tensor([[0.2323]])
119,콘부 스타필드하남,일식당,tensor([[0.3583]])
120,바우네 나주곰탕 감일점,일식당,0.0
121,한신포차 하남감일점,식당,tensor([[0.2672]])
122,응큼떡볶이 미사점,식당,0.0
123,홍미닭발 하남미사점,고기,tensor([[0.3234]])
124,요네즈,일식당,tensor([[0.3623]])
125,정오리 돌판구이,한식당,tensor([[0.2783]])
126,79대포 하남풍산점,식당,tensor([[0.2435]])
127,춘향골 남원추어탕 미사점,식당,tensor([[0.1896]])
128,오모로이 쇼쿠도,식당,tensor([[0.2661]])
129,리리삼,고기,tensor([[0.2810]])
130,도마르 스시,일식집,tensor([[0.2653]])
131,젠가든(Zen Garden),일식당,tensor([[0.2588]])
132,스시 시오미즈,일식당,tensor([[0.2244]])
133,박승광 해물 손칼국수 하남미사점,분식,tensor([[0.1503]])
134,카페 아리온,카페,tensor([[0.3089]])
135,김복남맥주 하남미사역점,호프,tensor([[0.2887]])
136,투다리 감일역점,일식당,tensor([[0.3122]])
137,삼동소바 하남미사점,일식당,tensor([[0.2971]])
138,유우조우,일식당,tensor([[0.3143]])
139,멜팅슬로우,카페,tensor([[0.2899]])
140,우리동네 참치정육점(미사점),일식당,tensor([[0.3142]])
141,누커스,카페,tensor([[0.2981]])
142,화로상회 하남감일점,고기,tensor([[0.3054]])
143,노티드 하남 스타필드,카페,tensor([[0.2488]])
144,마시내 하남감일점,중국집,tensor([[0.2972]])
145,멕시카나치킨 하남풍산점,치킨,tensor([[0.3765]])
146,하노이 맥주밤거리 하남미사역점,식당,tensor([[0.1624]])
147,반미362 하남미사점,아시안 음식,tensor([[0.2767]])
148,소소떡볶이 하남미사점,분식,tensor([[0.2504]])
149,키치 플레이트,양식,tensor([[0.1627]])
150,히츠지야 하남미사점,양식,0.0
151,족발예찬 하남미사점,고기,tensor([[0.2431]])
152,한마음정육식당 하남미사1호점,고기,0.0
153,댕크야드(Dank yard),식당,tensor([[0.1887]])
154,권동식당,한식당,tensor([[0.2893]])
155,우시야 미사점,고기,tensor([[0.2917]])
156,효자동설렁탕 하남점,한식당,tensor([[0.3216]])
157,발라티에,양식,tensor([[0.1343]])
158,쏘르제 루나(Sorge luna),카페,tensor([[0.3221]])
159,하남 삼육식당,한식당,tensor([[0.3131]])
160,카페 누이(cafe nue),카페,tensor([[0.3088]])
161,붓다텐 하남점,일식당,tensor([[0.3258]])
162,면대면우육면마라탕,중국집,tensor([[0.3215]])
163,금돈왕돈가스 육칼,한식당,tensor([[0.2933]])
164,고급양식 하남점,해물,tensor([[0.2114]])
165,장수한우곱창 옥천냉면,한식당,tensor([[0.3189]])
166,미스터 촌돼지,한식당,tensor([[0.3074]])
167,구이가 감일점,고기,tensor([[0.3616]])
168,하루엔소쿠 감일마크베르점,돈가스,tensor([[0.2008]])
169,해운대연탄생갈비 하남감일점,고기,tensor([[0.2943]])
170,빵먹는 코끼리,베이커리,tensor([[0.2940]])
171,츄릅(churrrp),간식,tensor([[0.3418]])
172,신사냉삼촌 하남미사점,고기,tensor([[0.2490]])
173,두끼 하남미사점,분식,tensor([[0.2129]])
174,일품양평해장국 하남아이테코점,해장국,tensor([[0.5151]])
175,투비 버거,햄버거,tensor([[0.2560]])
176,보리향칼국수,한식당,tensor([[0.3908]])
177,플로우나인 하남미사점,카페,tensor([[0.3252]])
178,남영동양문 하남미사점,고기,tensor([[0.3586]])
179,짜란다,중국집,tensor([[0.2557]])
180,디저트 카페(DESSERT CAFE) 널문,카페,tensor([[0.3004]])
181,덕찡찡마켓,고기,tensor([[0.2339]])
182,1984그수육집칼국수 하남미사,분식,tensor([[0.1686]])
183,카페다예,카페,tensor([[0.3164]])
184,프랭크버거 하남감일 단샘점,햄버거,tensor([[0.2961]])
185,일산등심박이,고기,tensor([[0.3454]])
186,가마솥 순대국 뼈도리탕,한식당,tensor([[0.4028]])
187,위니드밥 풍산점,한식당,tensor([[0.2858]])
188,포하이퐁 미사점,아시안 음식,tensor([[0.2366]])
189,계림원 미사중앙점,치킨,tensor([[0.3669]])
190,동근이 숯불두마리치킨 하남감일점,치킨,tensor([[0.3764]])
191,로드샌드위치 하남미사점,간식,tensor([[0.3142]])
192,청년어부 미사역점,일식집,tensor([[0.3230]])
193,배씨상회 하남미사점,식당,tensor([[0.2336]])
194,강남집 하남점,고기,tensor([[0.2834]])
195,생활맥주 하남감일점,호프,tensor([[0.2904]])
196,미생맥주 하남감일점,호프,tensor([[0.2492]])
197,다올 굴순두부,한식당,tensor([[0.3535]])
198,동해 강릉 초당짬뽕순두부 하남미사점,한식당,0.0
199,부빵(Beau pain),베이커리,tensor([[0.3592]])
200,봉평 메밀옥,한식당,tensor([[0.3244]])
201,뉴욕버거 하남(SKV1)점,햄버거,tensor([[0.3096]])
202,라운지 비 LOUNGE B,식당 아님,tensor([[0.0755]])
203,파이 앤 브레드(Pie & Bread),베이커리,tensor([[0.3797]])
204,카라핑 카페,카페,tensor([[0.3207]])
205,이가돈 매운갈비찜,카페,0.0
206,포시애틀 하남풍산점,아시안 음식,tensor([[0.3053]])
207,치킨봇,치킨,tensor([[0.3488]])
208,왔따쪽갈비(하남미사점),치킨,0.0
209,예술피자 하남점,피자,tensor([[0.3862]])
210,펫타리움 미사,피자,0.0
211,파더스 베이글 하남미사점,카페,tensor([[0.2816]])
212,마시쏘부대찌개 미사역직영점,한식당,tensor([[0.3736]])
213,짱꼬집(하남미사점),고기,tensor([[0.3385]])
214,나은치킨,치킨,tensor([[0.3814]])
215,오쥬리 사랑채,고기,tensor([[0.3204]])
216,동대문 엽기떡볶이 하남 미사강변점,분식,tensor([[0.2419]])
217,노모어피자 미사점,피자,tensor([[0.3087]])
218,미사원조곱창,고기,tensor([[0.3050]])
219,포코포코 하남미사점,분식,tensor([[0.2212]])
220,프랭크버거 하남신장점,햄버거,tensor([[0.2522]])
221,요트(YOTE),카페,tensor([[0.2082]])
222,루꽐라,카페,0.0
223,풍산화우,고기,tensor([[0.3202]])
224,오스테리아 렌조(OSTERIA RENZO),고기,0.0
225,바른곱창(감일점),고기,0.0
226,우리할매떡볶이 하남덕풍점,분식,tensor([[0.2501]])
227,모모타코야끼 위례점,일식당,tensor([[0.2921]])
228,차이황,중국집,tensor([[0.3255]])
229,오닭꼬치 하남미사점,일식당,tensor([[0.3128]])
230,쉐 울리엘(chez ulliel),양식,tensor([[0.1360]])
231,더 퍼(The per),식당 아님,tensor([[0.1306]])
232,우나기 현,해물,tensor([[0.1459]])
233,깡우동 하남미사점,식당,tensor([[0.2764]])
234,두레통닭 하남감일점,치킨,tensor([[0.3860]])
235,소요일 미사직영점,고기,tensor([[0.3078]])
236,망월전,식당,tensor([[0.2429]])
237,오늘은 라면125 애니벤,분식,tensor([[0.3069]])
238,카츠키,돈가스,tensor([[0.1415]])
239,피자스톰 미사점,피자,tensor([[0.4569]])
240,오롯한상,피자,0.0
241,흑삼족,고기,tensor([[0.3027]])
242,기영이 숯불두마리치킨 하남미사점,치킨,tensor([[0.3531]])
243,스노우플렉스(SNOW FLEX),치킨,0.0
244,패티바이번 위례점,햄버거,tensor([[0.3314]])
245,날쌘카페 하남미사점,카페,tensor([[0.2501]])
246,세화갈비 미사점,카페,0.0
247,슈슈브런치 하남감일점,카페,0.0
248,온담순대국 미사스카이폴리스점,카페,0.0
249,신세대맥주 미사,호프,tensor([[0.2638]])
250,조인 더 클럽,호프,0.0
251,와하카,호프,0.0
252,참토스트 하남미사점,간식,tensor([[0.2350]])
253,고집센 만두전골 두루치기,한식당,tensor([[0.3631]])
254,무국적식탁 하남점,한식당,tensor([[0.3543]])
255,고기싸롱 미사신도시점,한식당,0.0
256,투다리 풍산점,일식당,tensor([[0.2607]])
257,에헴 양식당,고기,tensor([[0.3034]])
258,밀회관 하남미사역점,호프,tensor([[0.3097]])
259,소반짓고,한식당,tensor([[0.3503]])
260,마라홀릭 마라탕 감일점,중국집,tensor([[0.3427]])
261,꽈배기와 동그리,베이커리,tensor([[0.3107]])
262,길동우동 하남감일점,일식당,tensor([[0.3240]])
263,서울떡갈비&우이락 신세계스타필드하남점,일식당,0.0
264,마라탕에 빠진날,중국집,tensor([[0.2616]])
265,사모님 토스트,간식,tensor([[0.3174]])
266,퇴촌중앙갈비 하남점,한식당,tensor([[0.2832]])
267,조개호,해물,tensor([[0.1657]])
268,자담치킨 미사중앙점,치킨,tensor([[0.3667]])
269,봉맥,호프,tensor([[0.3151]])
270,바티토,양식,tensor([[0.1280]])
271,소코아 하남감일점,식당,tensor([[0.2666]])
272,스트릿1988 하남감일점,카페,tensor([[0.2460]])
273,스파게티스토리 스카이폴리스점,카페,0.0
274,아라치 하남미사점,카페,0.0
275,호미스피자 미사점,카페,0.0
276,로우프레스(lowpress),카페,tensor([[0.3556]])
277,고래맥주창고(하남미사점),주류,tensor([[0.3070]])
278,육회바른연어 하남신장점,식당,tensor([[0.1812]])
279,별난아재맥주 하남미사점,호프,tensor([[0.2664]])
280,플로피(floffee),식당 아님,tensor([[0.0472]])
281,라홍방마라탕 감일점,중국집,tensor([[0.2815]])
282,타타스 하남미사점,카페,tensor([[0.2929]])
283,릴리 시나몬,양식,tensor([[0.0963]])
284,화포식당 미사강변점,고기,tensor([[0.4156]])
285,뱃살도둑 감일점,야채,tensor([[0.3034]])
286,카페 루가노,카페,tensor([[0.2837]])
287,삼형제김밥 미사점,분식,tensor([[0.2176]])
288,도미노피자 하남감일점,피자,tensor([[0.3129]])
289,코우게츠,일식집,tensor([[0.2506]])
290,우리동네밥집 미사본점,분식,tensor([[0.2281]])
291,효하우스 골목길포차,식당,tensor([[0.2827]])
292,홍그린 로얄 스페셜,양식,tensor([[0.0880]])
293,사계진미 하남점,고기,tensor([[0.3072]])
294,몽땅만두 미사역점,분식,tensor([[0.2422]])
295,육이구낙곱새 하남미사점,한식당,tensor([[0.3276]])
296,메이창,중국집,tensor([[0.3459]])
297,돈까스짱 미사점,돈가스,tensor([[0.1805]])
298,비비큐 위례스타필드점,치킨,tensor([[0.3393]])
299,신사꽃등심 미사직영점,고기,tensor([[0.2785]])
300,팔당돼지수제갈비,한식당,tensor([[0.3613]])
301,아빠찜 미사역점,해물,tensor([[0.1520]])
302,취향마라마라탕 하남미사점,중국집,tensor([[0.2385]])
303,청년부찌냉삼,한식당,tensor([[0.3230]])
304,고돼지 하남점,고기,tensor([[0.2760]])
305,청년감자탕순대국 하남미사점,식당,tensor([[0.2387]])
306,냐항바바바 미사역점,아시안 음식,tensor([[0.3679]])
307,클린7080라이브,아시안 음식,0.0
308,치킨갱스터 미사점,치킨,tensor([[0.3100]])
309,봉자 막창 하남미사점,치킨,0.0
310,12인치 사운드바,주류,tensor([[0.1283]])
311,설하네 디저트,카페,tensor([[0.3119]])
312,저돌 쪽 갈비찜,한식당,tensor([[0.2617]])
313,탑탑 다이너(TopTop Diner),햄버거,tensor([[0.2985]])
314,마라입구 미사점,햄버거,0.0
315,김준호의 대단한갈비 하남미사로데오점,햄버거,0.0
316,맘스터치 하남미사점,햄버거,0.0
317,키토분식 미사역점,분식,tensor([[0.1985]])
318,파슷타애요 하남점,양식,tensor([[0.1575]])
319,올라잇(holaeat),식당,tensor([[0.2412]])
320,잭슨피자 하남미사점,피자,tensor([[0.3840]])
321,하남돼지집 미사숲공원점,고기,tensor([[0.3137]])
322,국밥쟁이(풍산점),한식당,tensor([[0.2793]])
323,삼촌네 조개찜,해물,tensor([[0.2063]])
324,솔라멘,해물,0.0
325,리스닝커피로스터스,카페,tensor([[0.3104]])
326,미사대패,고기,tensor([[0.3163]])
327,파스타어때 하남미사본점,양식,tensor([[0.1830]])
328,만선호프 하남미사점,호프,tensor([[0.2590]])
329,완판도 미사점,고기,tensor([[0.2777]])
330,신사동인동 하남점,한식당,tensor([[0.2944]])
331,화복칼국수,분식,tensor([[0.1535]])
332,찐한삼촌,카페,tensor([[0.2388]])
333,카페키노(KAFE KINO),카페,tensor([[0.3134]])
334,스테이미사 브런치&레스토랑,까페,tensor([[0.1219]])
335,마마쿡 미사점,식당,tensor([[0.2591]])
336,일동실비 하남덕풍점,식당,tensor([[0.2814]])
337,스와(soir),호프,tensor([[0.3081]])
338,꾸브라꼬 숯불두마리치킨 위례점,치킨,tensor([[0.2784]])
339,원조 양평해장국 미사점,해장국,tensor([[0.3075]])
340,동동밤,한식당,tensor([[0.3438]])
341,미분당 하남미사점,아시안 음식,tensor([[0.3434]])
342,노랑통닭 하남감일점,치킨,tensor([[0.3383]])
343,미려돈,고기,tensor([[0.3974]])
344,꾸브라꼬 숯불두마리치킨 감일점,치킨,tensor([[0.3269]])
345,프랭크버거 하남점,햄버거,tensor([[0.3017]])
346,홍윤곰탕,한식당,tensor([[0.3042]])
347,샤오바오 미사점,중국집,tensor([[0.2980]])
348,춘옥이네,카페,tensor([[0.1954]])
349,빙츄르 미사호수공원점,디저트,tensor([[0.3225]])
350,생활맥주 하남미사점,호프,tensor([[0.2923]])
351,파티인테이블,식당 아님,tensor([[0.1831]])
352,에바돈가츠 감일점,돈가스,tensor([[0.1891]])
353,목삼고집,고기,tensor([[0.2972]])
354,가마솥순대국밥 미사중앙점,식당,tensor([[0.2529]])
355,365 한쌈,아시안 음식,tensor([[0.2181]])
356,철뚝집 하남미사점,고기,tensor([[0.3783]])
357,인생아구찜 하남점,해물,tensor([[0.1762]])
358,스시코호시 미사,일식당,tensor([[0.2387]])
359,헤라스 빈야드,주류,tensor([[0.2134]])
360,백채김치찌개 미사역점,한식당,tensor([[0.3570]])
361,후라토식당 하남미사점,일식당,tensor([[0.3190]])
362,아담스 꼬마김밥 위례점,분식,tensor([[0.2006]])
363,미태리 하남감일점,양식,tensor([[0.1121]])
364,라홍방마라탕 미사역점,중국집,tensor([[0.2342]])
365,로스트피그 미사,고기,tensor([[0.2994]])
366,그린콕(Green Cok),야채,tensor([[0.3153]])
367,타붕,카페,tensor([[0.2582]])
368,매일의 식탁,식당,tensor([[0.2518]])
369,청년다방 감일점,분식,tensor([[0.2118]])
370,봉명동내커피 하남미사점,카페,tensor([[0.2802]])
371,빅빅버거 하남미사점,햄버거,tensor([[0.2925]])
372,띤띤 드 타마린드 하남스타필드점,아시안 음식,tensor([[0.2584]])
373,오한수 우육면가 하남미사점,중국집,tensor([[0.2587]])
374,자연미당 추어탕,한식당,tensor([[0.3465]])
375,감탄밥상,식당,tensor([[0.2509]])
376,생활맥주 위례점,호프,tensor([[0.2624]])
377,우리 할매 떡볶이 하남감일점,분식,tensor([[0.2213]])
378,버거 스테이지 하남미사점,햄버거,tensor([[0.3035]])
379,77년생 곱도리 전골식당 미사직영점,한식당,tensor([[0.3438]])
380,일일양 미사직영점,고기,tensor([[0.3311]])
381,온달집 미사역점,고기,tensor([[0.2304]])
382,솔솥 미사강변점,한식당,tensor([[0.3454]])
383,카츠몬,돈가스,tensor([[0.1763]])
384,맘스터치 피자앤치킨 하남시청역점,피자,tensor([[0.6451]])
385,철길부산집 하남미사점,식당,tensor([[0.2849]])
386,토리아에즈 미사역점,일식집,tensor([[0.2702]])
387,페이브 베이커리 미사역점,카페,tensor([[0.3177]])
388,미사냉삼집,고기,tensor([[0.2999]])
389,여우애김밥 하남U1센터점,분식,tensor([[0.2515]])
390,아담스꼬마김밥 미사점,분식,tensor([[0.2049]])
391,신계닭갈비 미사점,고기,tensor([[0.2712]])
392,브리즈번 버거앤비어 하남미사역점,햄버거,tensor([[0.2708]])
393,육회바른연어 미사점,식당,tensor([[0.1925]])
394,게장맨,해물,tensor([[0.2313]])
395,소코아 하남미사점,식당,tensor([[0.2049]])
396,미사전,식당,0.0
397,동래정 하남미사점,고기,tensor([[0.3019]])
398,60계치킨 경기하남감일지구점,치킨,tensor([[0.3548]])
399,온락도시락,한식당,tensor([[0.3780]])
400,신대포 불갈비 하남점,고기,tensor([[0.3676]])
401,전설낙곱새 위례송파점,한식당,tensor([[0.3213]])
402,현야,식당,tensor([[0.2935]])
403,대한 냉면 미사점,한식당,tensor([[0.2343]])
404,진대감 하남미사점,고기,tensor([[0.2609]])
405,비.마이 가든(B. my Garden),카페,tensor([[0.2281]])
406,회장님댁 하남신장점,식당,tensor([[0.2696]])
407,벤탄빌라 미사점,아시안 음식,tensor([[0.2983]])
408,맘스터치 미사강변대로점,햄버거,tensor([[0.3532]])
409,팔각도 하남미사역점,고기,tensor([[0.2836]])
410,(주)바운스 슈퍼파크 하남센터,식당 아님,tensor([[0.0722]])
411,조선육회 하남점,고기,tensor([[0.3489]])
412,저돌 쪽 갈비찜,한식당,tensor([[0.2617]])
413,째깍섬 키즈클래스 하남,카페,tensor([[0.1489]])
414,이가원(한식뷔페),한식당,tensor([[0.2818]])
415,빽다방 미사센트럴자이점,카페,tensor([[0.2660]])
416,비비큐 풍산중앙점,치킨,tensor([[0.3651]])
417,제주은희네해장국 하남미사점,해장국,tensor([[0.4055]])
418,김가네 미사스카이폴리스점,분식,tensor([[0.1954]])
419,타이반쩜 하남미사점,아시안 음식,tensor([[0.3009]])
420,모모타코야끼 하남점,일식당,tensor([[0.2891]])
421,고피자 하남미사점,피자,tensor([[0.3855]])
422,탐라포차 미사강변점,식당,tensor([[0.2195]])
423,다루마 고로케,일식당,tensor([[0.2950]])
424,소플러스서하남점,고기,tensor([[0.2959]])
425,가마치통닭 덕풍시장점,치킨,tensor([[0.3794]])
426,후우스,카페,tensor([[0.2955]])
427,한채당 베이커리,카페,tensor([[0.3350]])
428,굽네치킨 감일지구점,치킨,tensor([[0.3784]])
429,초가네장어구이 하남점,해물,tensor([[0.1886]])
430,세광양대창 하남미사점,고기,tensor([[0.2813]])
431,드로게리아,카페,tensor([[0.2648]])
432,그린호미(Green Homee),카페,tensor([[0.2925]])
433,안나스낵 미사역점,주류,tensor([[0.2470]])
434,야키토리 미사(Yakitori misa),일식집,tensor([[0.2471]])
435,푸드박스 송파점,식당 아님,tensor([[0.2361]])
436,훈초밥 미사본점,일식집,tensor([[0.2730]])
437,가나점보돈까쓰,돈가스,tensor([[0.1419]])
438,달빛과일 하남점,카페,tensor([[0.3189]])
439,마라이쉔,중국집,tensor([[0.2381]])
440,브런치빈 미사점,까페,tensor([[0.1185]])
441,에이트리 카페,카페,tensor([[0.3369]])
442,Permanent Chillin' 퍼머넌트 칠린,카페,tensor([[0.3031]])
443,삼덕통닭 미사점,치킨,tensor([[0.3765]])
444,천호용궁알탕 하남미사점,한식당,tensor([[0.2597]])
445,식껍 하남감일점,고기,tensor([[0.3971]])
446,피자미남 하남미사점,피자,tensor([[0.4045]])
447,백스비어 하남 미사점,호프,tensor([[0.2884]])
448,스푸키(Spookie),카페,tensor([[0.2785]])
449,종로김밥 미사역점,분식,tensor([[0.1941]])
450,착한파스타 하남미사점,양식,tensor([[0.0691]])
451,그린스미스&에그존 하남미사점,야채,tensor([[0.3240]])
452,파스쿠찌 하남감일DI점,카페,tensor([[0.3560]])
453,피자나라치킨공주 위례신도시점,피자,tensor([[0.5567]])
454,장가짜장 24시,중국집,tensor([[0.3123]])
455,고기극찬 하남미사점,고기,tensor([[0.2777]])
456,아리수 정육식당,고기,tensor([[0.3906]])
457,이속우화 구우몽,한식당,tensor([[0.2941]])
458,안주가 하남미사점,식당,tensor([[0.2170]])
459,풍미숯불꼼장어,해물,tensor([[0.1855]])
460,미뜸,한식당,tensor([[0.3422]])
461,누들코드,아시안 음식,tensor([[0.3060]])
462,카페시나몬가든,카페,tensor([[0.3568]])
463,면면히,분식,tensor([[0.2373]])
464,깐부 불쭈꾸미 동태탕,해물,tensor([[0.1885]])
465,유브유부 위례점,일식당,tensor([[0.2958]])
466,신전떡볶이 감일점,분식,tensor([[0.2824]])
467,나무루,일식집,tensor([[0.2300]])
468,에이치 베이커,베이커리,tensor([[0.3783]])
469,라멘온도,일식당,tensor([[0.3601]])
470,카츠소당 하남점,돈가스,tensor([[0.1166]])
471,별에서 온 토끼,일식당,tensor([[0.3586]])
472,한결보쌈 하남점,고기,tensor([[0.2753]])
473,포케올데이 하남미사점,야채,tensor([[0.3170]])
474,이비티(ebt) 스타필드 하남점,양식,tensor([[0.1169]])
475,피자알볼로 감일거여점,피자,tensor([[0.3826]])
476,BBQ 하남미사중앙점,치킨,tensor([[0.3526]])
477,삼백돈 돈가츠 하남미사점,돈가스,tensor([[0.1607]])
478,레이크 비스트로,양식,tensor([[0.1512]])
479,토담옛날통닭 하남학암동점,치킨,tensor([[0.3818]])
480,제이에이치 브루잉(JH Brewing),식당 아님,tensor([[0.1673]])
481,마라촉 마라탕&마라샹궈,중국집,tensor([[0.2493]])
482,빽정,한식당,tensor([[0.3630]])
483,고기랑 조개당,해물,tensor([[0.1318]])
484,미사국물닭발1982,고기,tensor([[0.2720]])
485,피자하우스 미사스마트밸리점,피자,tensor([[0.3888]])
486,싸다김밥 미사역점,분식,tensor([[0.1906]])
487,궁사부,일식당,tensor([[0.2921]])
488,명품키친 하남점,한식당,tensor([[0.3658]])
489,바다동태탕솥밥전문점 하남풍산직영점,한식당,tensor([[0.2834]])
490,스노우피크 랜드스테이션 하남,식당 아님,tensor([[0.0952]])
491,교촌치킨 하남감일점,치킨,tensor([[0.2846]])
492,애주꿀전,식당,tensor([[0.1973]])
493,소담지짐이 위례점,식당,tensor([[0.2882]])
494,일품 양평해장국 하남미사점,해장국,tensor([[0.3683]])
495,소당깨,고기,tensor([[0.2424]])
496,베스트생갈비찜&찜닭(하남점),한식당,tensor([[0.1993]])
497,등촌샤브칼국수 하남미사점,분식,tensor([[0.1598]])
498,테이블린 미사현대1차점,중국집,tensor([[0.3527]])
499,치이익,고기,tensor([[0.3175]])
500,미사텐,식당,tensor([[0.2451]])
501,킹콩 부대찌개 하남현대한강미사점,한식당,tensor([[0.3922]])
502,배부장찌개 미사역점,한식당,tensor([[0.3239]])
503,최가다방,카페,tensor([[0.3324]])
504,동경규동 미사스퀘어점,식당,tensor([[0.2584]])
505,탐나종합어시장 미사역점,일식당,tensor([[0.2788]])
506,홍송우렁쌈밥,한식당,tensor([[0.3359]])
507,감성낙곱새 하남미사점,해물,tensor([[0.1847]])
508,스카이블랑,식당,tensor([[0.2247]])
509,디리포소,양식,tensor([[0.1292]])
510,호수꼬치 하남신장점,일식당,tensor([[0.2416]])
511,리틀 블루문(LITTLE BLUE MOON),카페,tensor([[0.2774]])
512,마라의 민족 미사점,중국집,tensor([[0.2590]])
513,BBQ 하남미사역점,치킨,tensor([[0.2870]])
514,달빛오징어광어미사점,해물,tensor([[0.1812]])
515,피플 파스타(PEOPlE),양식,tensor([[0.0950]])
516,만차이,중국집,tensor([[0.3407]])
517,꿀꿀진순대 미사점,식당,tensor([[0.2229]])
518,푸라닭 하남신장점,치킨,tensor([[0.2346]])
519,육감적,고기,tensor([[0.3327]])
520,하남찌개마을 국내산냉삼,한식당,tensor([[0.3406]])
521,피자컴퍼니 감일 마천점,피자,tensor([[0.3159]])
522,광수육회 하남미사점,고기,tensor([[0.2872]])
523,포메인 RED 하남미사점,아시안 음식,tensor([[0.3070]])
524,비와별닭갈비 스타필드 위례점,고기,tensor([[0.3541]])
525,보길도황칠면역삼계탕,한식당,tensor([[0.2778]])
526,퀸즈 당구장,식당 아님,tensor([[0.1549]])
527,감일돈,고기,tensor([[0.3156]])
528,흥도식당 하남점,돈가스,tensor([[0.1813]])
529,팔당 북촌골 미사점,해물,tensor([[0.2108]])
530,추닭집 미사2호점,치킨,tensor([[0.3186]])
531,마왕족발 하남감일점,고기,tensor([[0.2944]])
532,배가 푸지미,식당,tensor([[0.1809]])
533,경성나루,한식당,tensor([[0.3108]])
534,매머드익스프레스 미사현대2차점,카페,tensor([[0.3520]])
535,황산 참치 테스타타워점,일식당,tensor([[0.2402]])
536,김가네 미사현대1차점,분식,tensor([[0.2353]])
537,아부찌부대찌개 하남감일점,한식당,tensor([[0.2637]])
538,설맥 미사점,호프,tensor([[0.2811]])
539,푸라닭 하남감일점,치킨,tensor([[0.2997]])
540,길동우동 미사점,일식당,tensor([[0.3571]])
541,동명카츠 하남덕풍점,돈가스,tensor([[0.2541]])
542,감동노가리,호프,tensor([[0.2689]])
543,효정패밀리아카페,카페,tensor([[0.1891]])
544,사나이 순대국,한식당,tensor([[0.3440]])
545,할머니가래떡볶이 미사호수공원점,분식,tensor([[0.2811]])
546,Bhc(비에이치씨) 미사호반점,치킨,tensor([[0.3465]])
547,한끼홈쿡 미사본점,식당 아님,tensor([[0.2453]])
548,동백연화 미사점,식당,tensor([[0.2515]])
549,몸신 흑염소전문점,고기,tensor([[0.3780]])
550,진1926 하남미사,고기,tensor([[0.3056]])
551,청담동마녀김밥 미사점,분식,tensor([[0.2289]])
552,프랭크버거 하남강변로점,햄버거,tensor([[0.3539]])
553,황금코다리 하남 검단산점,해물,tensor([[0.1003]])
554,뱃살도둑 미사점,야채,tensor([[0.3197]])
555,유로코피자 위례신도시점,야채,0.0
556,구석집 하남미사점,한식당,tensor([[0.2784]])
557,블리스버거 하남감일점,햄버거,tensor([[0.3520]])
558,허니문한방삼계탕,한식당,tensor([[0.2646]])
559,카페 보케리아,카페,tensor([[0.3109]])
560,니하오마라탕 신장점,중국집,tensor([[0.2414]])
561,곱분이곱창 감일점,고기,tensor([[0.3171]])
562,바다커피&호프,카페,tensor([[0.3437]])
563,동경규동 하남점,한식당,tensor([[0.2953]])
564,폴트버거 스타필드 하남점,햄버거,tensor([[0.3733]])
565,해품장 팔팔장어 하남미사점,해물,tensor([[0.1503]])
566,지호한방삼계탕 미사점,한식당,tensor([[0.2500]])
567,BBQ 하남망월점,치킨,tensor([[0.3391]])
568,호식이두마리치킨 하남미사역점,치킨,tensor([[0.3035]])
569,두꺼비토종 순대국,식당,tensor([[0.2796]])
570,맘스터치 하남감일점,햄버거,tensor([[0.2703]])
571,갯벌의 조개 미사역점,해물,tensor([[0.1719]])
572,우먼스키친,식당,tensor([[0.2940]])
573,Check Plate(체크 플레이트),양식,tensor([[0.1413]])
574,정보인 부산돼지국밥(하남미사점),한식당,tensor([[0.3454]])
575,리미니 스타필드 위례점,양식,tensor([[0.1792]])
576,차이니즈 인 미사,중국집,tensor([[0.3910]])
577,하오마라 미사역점,중국집,tensor([[0.2659]])
578,웍 앤 누들,한식당,tensor([[0.2167]])
579,로쏘폴라레,까페,tensor([[0.1540]])
580,써니의 식탁,식당 아님,tensor([[0.2424]])
581,프랭크버거 하남미사점,햄버거,tensor([[0.3593]])
582,BBQ하남신장점,치킨,tensor([[0.3883]])
583,자담치킨 위례스타필드점,치킨,tensor([[0.3439]])
584,신선미 미사리우동(하남감일점),분식,tensor([[0.2068]])
585,구구족 하남점,고기,tensor([[0.3178]])
586,사미반점 미사2호점,중국집,tensor([[0.3239]])
587,손  쿡희,카페,tensor([[0.2600]])
588,카페 종종,카페,tensor([[0.3125]])
589,배다리 문가네,한식당,tensor([[0.2427]])
590,심야반점 하남미사점,중국집,tensor([[0.1622]])
591,로바타 미자,일식집,tensor([[0.2039]])
592,까페 아르볼 하남미사점,카페,tensor([[0.2935]])
593,에그드랍 미사점,간식,tensor([[0.2851]])
594,바캉스인미사,카페,tensor([[0.2337]])
595,BBQ치킨 감일점,치킨,tensor([[0.4015]])
596,뜸들이다 하남미사점,식당 아님,tensor([[0.2455]])
597,배떡 하남미사점,분식,tensor([[0.2406]])
598,오븐마루치킨 하남미사점,치킨,tensor([[0.3679]])
599,찌엔용,중국집,tensor([[0.3488]])
600,하남소곱창전골 불향기,고기,tensor([[0.3285]])
601,쭈니네랭삼,고기,tensor([[0.2051]])
602,원조 부안집 하남풍산역점,고기,tensor([[0.3268]])
603,용광루,중국집,tensor([[0.3441]])
604,키슬,양식,tensor([[0.1079]])
605,더 노벰버 라운지(하남풍산점),카페,tensor([[0.3183]])
606,진 미사포구,일식당,tensor([[0.2955]])
607,최구야 김치찌개,한식당,tensor([[0.2672]])
608,족슐랭 하남미사역점,고기,tensor([[0.2838]])
609,수 스테이크(Soo Steak),양식,tensor([[0.1130]])
610,초광한식부페,한식당,tensor([[0.2984]])
611,배추야놀자,카페,tensor([[0.2035]])
612,예원닭강정 하남점,치킨,tensor([[0.2748]])
613,BDC카페,카페,tensor([[0.3255]])
614,바른치킨 미사강변점,치킨,tensor([[0.3961]])
615,도미노피자 하남미사점,피자,tensor([[0.3391]])
616,도미노피자 하남신장점,피자,tensor([[0.2653]])
617,파스타입니다 하남점,양식,tensor([[0.1864]])
618,혼밥대왕 하남점,한식당,tensor([[0.2617]])
619,테임드커피(Tamed coffee),카페,tensor([[0.3061]])
620,이비가짬뽕 올림픽공원점,중국집,tensor([[0.2695]])
621,뽕이야(본점),중국집,tensor([[0.2963]])
622,교촌치킨 풍산지구점,치킨,tensor([[0.3154]])
623,불백 경성원,고기,tensor([[0.3026]])
624,청정플러스수산,한식당,tensor([[0.3276]])
625,미미사500원양꼬치,아시안 음식,tensor([[0.3105]])
626,꼼떼 갈비살,고기,tensor([[0.3964]])
627,페리카나 미사1점,치킨,tensor([[0.3244]])
628,미소야 미사역점,돈가스,tensor([[0.1955]])
629,소자밥상,한식당,tensor([[0.3661]])
630,광장 풍천장어,일식당,tensor([[0.2412]])
631,하남불끈장어,해물,tensor([[0.1461]])
632,누나홀닭 하남풍산점,치킨,tensor([[0.3331]])
633,한상차림 코다리명가 하남점,해물,tensor([[0.1563]])
634,하남 정덮밥 미사점,식당,tensor([[0.2420]])
635,미사에꼬치다,호프,tensor([[0.2940]])
636,맘스터치 하남풍산점,햄버거,tensor([[0.2621]])
637,위례제주도니,고기,tensor([[0.3722]])
638,푸라닭 하남덕풍점,치킨,tensor([[0.2846]])
639,직화에빠지다 하남미사점,해물,tensor([[0.1882]])
640,송정상목장,고기,tensor([[0.3756]])
641,비스트로 홍,식당,tensor([[0.2739]])
642,한끼정 하남점,일식당,tensor([[0.2871]])
643,롤링파스타 미사강변중앙점,양식,tensor([[0.1350]])
644,맛찬들왕소금구이 하남미사점,고기,tensor([[0.3423]])
645,스쿨푸드 미사딜리버리점,분식,tensor([[0.2024]])
646,오늘밤 노가리,호프,tensor([[0.2255]])
647,제줏간 미사역점,고기,tensor([[0.3553]])
648,육미애,고기,tensor([[0.3374]])
649,서울포차 하남미사점,식당,tensor([[0.1976]])
650,닭삼 바베큐치킨,치킨,tensor([[0.3607]])
651,바른치킨 하남시청역점,치킨,tensor([[0.3273]])
652,푸라닭 하남미사역점,치킨,tensor([[0.4477]])
653,탑 해물칼국수(하남점),분식,tensor([[0.1763]])
654,멀티푸드 하남점,식당 아님,tensor([[0.2858]])
655,호식이두마리치킨 미사1호점,치킨,tensor([[0.3714]])
656,신참떡볶이 하남덕풍점,분식,tensor([[0.2349]])
657,우마왕과 저팔계,고기,tensor([[0.2372]])
658,채선당자연한가득 하남미사점,샤브샤브,tensor([[0.1866]])
659,주싸롱,식당,tensor([[0.2106]])
660,정가네 돈오리,고기,tensor([[0.2478]])
661,부어치킨하남미사점,치킨,tensor([[0.3561]])
662,본죽&비빔밥cafe 미사역점,한식당,tensor([[0.2760]])
663,경양카츠 하남미사점,돈가스,tensor([[0.1390]])
664,보석어묵CAFE,분식,tensor([[0.1639]])
665,YELLOW75 CAFE(옐로우75 카페),카페,tensor([[0.3435]])
666,돈소풍,고기,tensor([[0.4001]])
667,완벽한생갈비,고기,tensor([[0.3706]])
668,함무바 돼지 국밥,한식당,tensor([[0.3991]])
669,홍미김밥,분식,tensor([[0.2128]])
670,순정한우정육식당 미사점,고기,tensor([[0.3278]])
671,다래육회,고기,tensor([[0.3595]])
672,청년다방 미사역점,분식,tensor([[0.2179]])
673,모뜰,한식당,tensor([[0.3113]])
674,이태원 삼겹 미사점,고기,tensor([[0.3069]])
675,스윗바니(Sweet Bunny),간식,tensor([[0.3492]])
676,Wine Maria(와인마리아),주류,tensor([[0.1899]])
677,몽계옥,한식당,tensor([[0.2556]])
678,박쉐프 슈가네돈카츠,돈가스,tensor([[0.1580]])
679,덕만이네 뼈해장국,해장국,tensor([[0.3290]])
680,두찜 하남덕풍점,한식당,tensor([[0.3466]])
681,청담이상 하남미사역점,일식집,tensor([[0.2630]])
682,카페마마스 하남스타필드점,양식,tensor([[0.1756]])
683,명품빨강오뎅,분식,tensor([[0.1934]])
684,재킨보아즈,카페,tensor([[0.3077]])
685,최부자네,일식당,tensor([[0.2995]])
686,뱁스카페,카페,tensor([[0.2330]])
687,코다리와 능이버섯 미사,한식당,tensor([[0.3220]])
688,교촌치킨 미사역점,치킨,tensor([[0.3184]])
689,미사리제면소,일식당,tensor([[0.3677]])
690,육쌈냉면 미사점,한식당,tensor([[0.3209]])
691,달리감자탕,식당,tensor([[0.2409]])
692,테트리스찜닭 미사하남점,한식당,tensor([[0.2932]])
693,형노가(하남5호점),고기,tensor([[0.3110]])
694,사심i,일식집,tensor([[0.2511]])
695,신선미 미사리우동(미사리본점),분식,tensor([[0.1887]])
696,편백상회 하남점,샤브샤브,tensor([[0.1904]])
697,윤쉐프's 키친&펍,호프,tensor([[0.2089]])
698,써니핸드에프앤비둥둥치킨,치킨,tensor([[0.4495]])
699,금수네밥집,한식당,tensor([[0.2677]])
700,명륜진사갈비 하남스타필드점,고기,tensor([[0.2654]])
701,도야족발보쌈 미사하남점,고기,tensor([[0.2645]])
702,서가네기절닭발,고기,tensor([[0.3078]])
703,고봉민김밥인 하남미사역점,분식,tensor([[0.2408]])
704,인생객잔,중국집,tensor([[0.2948]])
705,라미향마라탕,중국집,tensor([[0.2747]])
706,용갈집,한식당,tensor([[0.2944]])
707,낙현식당,일식당,tensor([[0.2259]])
708,호정의 식탁,한식당,tensor([[0.3503]])
709,천년소나무,고기,tensor([[0.3188]])
710,카페더릿(Cafe The Lit),카페,tensor([[0.2856]])
711,차고집칡냉면 미사점,한식당,tensor([[0.3389]])
712,역전우동0410 미사강변중앙점,일식당,tensor([[0.3291]])
713,디오 베네디또,카페,tensor([[0.3009]])
714,감탄밥상 미사점,식당,tensor([[0.2509]])
715,보드람치킨 미사강변점,치킨,tensor([[0.3963]])
716,훈마루,한식당,tensor([[0.2276]])
717,수 장터국밥,한식당,tensor([[0.3700]])
718,해궁마당,일식당,tensor([[0.1959]])
719,하남추어매운탕,식당,tensor([[0.2343]])
720,치킨마루 하남신장점,치킨,tensor([[0.3489]])
721,처갓집양념치킨 미사강변점,치킨,tensor([[0.2744]])
722,봉봉키즈 하남미사,카페,tensor([[0.1954]])
723,지코바 미사1호점,치킨,tensor([[0.4265]])
724,247숯불꼬치,호프,tensor([[0.2978]])
725,두찜 하남미사점,한식당,tensor([[0.2966]])
726,갑산면옥,한식당,tensor([[0.3578]])
727,형제 특수부위 미사점,고기,tensor([[0.3444]])
728,홍대쌀국수(미사강변점),아시안 음식,tensor([[0.3070]])
729,벨로파크(Velo Park),카페,tensor([[0.2796]])
730,일타포차,호프,tensor([[0.3039]])
731,나진국밥 하남미사점,한식당,tensor([[0.3442]])
732,델리퀸 하남미사점,치킨,tensor([[0.4113]])
733,훠궈야 스타필드 하남점,중국집,tensor([[0.3077]])
734,사미반점 신장점,중국집,tensor([[0.2355]])
735,바비레드 하남,양식,tensor([[0.0802]])
736,소담촌 하남미사점,샤브샤브,tensor([[0.1743]])
737,푼타하우스,카페,tensor([[0.1717]])
738,명륜진사갈비 하남미사점,고기,tensor([[0.3209]])
739,처갓집양념치킨 창우점,치킨,tensor([[0.3211]])
740,이진항,해물,tensor([[0.1949]])
741,역전할머니맥주미사신도시점,호프,tensor([[0.2395]])
742,일삼백 하남미사점,식당,tensor([[0.2638]])
743,파주닭국수 하남미사점,분식,tensor([[0.1412]])
744,선비다이닝 하남미사점,분식,0.0
745,처갓집양념치킨 미사역점,치킨,tensor([[0.3103]])
746,옥희네국밥,한식당,tensor([[0.2612]])
747,달수네 꾸지뽕닭한마리,한식당,tensor([[0.3222]])
748,골뱅이 신사 in 미사,해물,tensor([[0.1348]])
749,안녕숯불&올리브도시락 하남미사점,식당 아님,tensor([[0.2549]])
750,강촌식당 하남미사점,고기,tensor([[0.3088]])
751,최고집 평양만두,분식,tensor([[0.1782]])
752,치킨연맹 하남점,치킨,tensor([[0.3044]])
753,원할머니보쌈 미사 강변배달점,고기,tensor([[0.3110]])
754,비늄(VINUM) 776,양식,tensor([[0.1947]])
755,라무진 미사점,고기,tensor([[0.2586]])
756,교동전선생 하남미사점,주류,tensor([[0.1706]])
757,부엉이 돈가스 위례스타필드점,돈가스,tensor([[0.2651]])
758,한옥집김치찜 스타필드 위례점,한식당,tensor([[0.3146]])
759,구름식탁 스타필드시티 위례점,한식당,tensor([[0.2933]])
760,성목초밥,일식집,tensor([[0.3256]])
761,Elefant(엘레판트),양식,tensor([[0.1366]])
762,화덕고깃간 미사강변점,고기,tensor([[0.3492]])
763,김가네 미사중앙점,분식,tensor([[0.2256]])
764,계경순대국 미사역점,한식당,tensor([[0.3814]])
765,하나샤브샤브 미사리점,샤브샤브,tensor([[0.2041]])
766,강우 정육식당,고기,tensor([[0.2915]])
767,지코바 위례1호점,치킨,tensor([[0.3630]])
768,보께 리우,양식,tensor([[0.1054]])
769,흑향정,카페,tensor([[0.3526]])
770,짚신매운갈비찜 미사강변점,고기,tensor([[0.3443]])
771,동궁찜닭 하남미사점,한식당,tensor([[0.3186]])
772,와카이 참치,일식당,tensor([[0.2957]])
773,큰맘할매순대국 하남신장점,식당,tensor([[0.2850]])
774,꽈베기와 동그리,베이커리,tensor([[0.3107]])
775,맥쓰(MEXX) 세계치킨 하남미사 한강점,치킨,tensor([[0.4345]])
776,호오탕 훠꿔,중국집,tensor([[0.2403]])
777,이바돔감자탕 하남미사점,식당,tensor([[0.2775]])
778,강창구 진순대 미사센텀비즈점,식당,tensor([[0.3587]])
779,얌샘김밥 하남미사중앙점,분식,tensor([[0.1990]])
780,나벨라,카페,tensor([[0.3215]])
781,삼순네 바지락 칼국수,분식,tensor([[0.1809]])
782,미생맥주(미사강변점),호프,tensor([[0.2310]])
783,누나홀닭 하남미사점,치킨,tensor([[0.2773]])
784,갓텐익스프레스스타필드 하남점,일식당,tensor([[0.3248]])
785,맘스터치 미사역점,햄버거,tensor([[0.2948]])
786,오꾸꼬 위례점,치킨,tensor([[0.3115]])
787,K'1975,호프,tensor([[0.4090]])
788,이퀄센세이션,카페,tensor([[0.2492]])
789,대동집미사점,식당,tensor([[0.2652]])
790,족발야시장 미사점,고기,tensor([[0.2882]])
791,두끼 하남신장점,분식,tensor([[0.2167]])
792,말쿤20 한우전문점,고기,tensor([[0.3689]])
793,도령 남원추어탕,식당,tensor([[0.2378]])
794,하남돼지집 미사역점,고기,tensor([[0.3158]])
795,젤리스트로우,식당,tensor([[0.1283]])
796,옛날참숯왕소금구이 (2호점),고기,tensor([[0.2805]])
797,본도시락하남미사점,식당 아님,tensor([[0.2564]])
798,돈바돈가스,돈가스,tensor([[0.2336]])
799,소담촌 하남신장점,샤브샤브,tensor([[0.1746]])
800,호치면,아시안 음식,tensor([[0.3521]])
801,한국피자헛 하남미사점,피자,tensor([[0.4597]])
802,검단 동태찜,해물,tensor([[0.1887]])
803,우동 쯔요시,일식당,tensor([[0.3250]])
804,카페 송그레,카페,tensor([[0.2610]])
805,앨빈 쿠치나,양식,tensor([[0.1143]])
806,남다른 감자탕 하남미사점,식당,tensor([[0.2243]])
807,하남돼지집 미사 신도시점,고기,tensor([[0.2950]])
808,피자쿠치나 하남스타필드점,피자,tensor([[0.4308]])
809,라치폴라(La cipolla),양식,tensor([[0.1525]])
810,해솔네트웍스,식당 아님,tensor([[0.3087]])
811,바다향왕코다리 서하남IC점,해물,tensor([[0.1594]])
812,생활맥주 하남 창우점,호프,tensor([[0.3112]])
813,쭈꾸미와 친구들,해물,tensor([[0.1851]])
814,멕시카나 하남미사점,치킨,tensor([[0.3227]])
815,죽이야기 미사한홀초교점,한식당,tensor([[0.3042]])
816,드까르멜릿,양식,tensor([[0.1313]])
817,기와집양대창센타,고기,tensor([[0.3535]])
818,이동욱스시,일식집,tensor([[0.2661]])
819,삐삐커피호프,호프,tensor([[0.3690]])
820,뚝방불끈낙지,해물,tensor([[0.1837]])
821,한채당 정원까페,카페,tensor([[0.2164]])
822,자전거곱창,고기,tensor([[0.3173]])
823,하남돼지집 하남스타필드점,고기,tensor([[0.3599]])
824,메밀생각 봉평막국수,한식당,tensor([[0.3119]])
825,교촌치킨 미사1호점,치킨,tensor([[0.3391]])
826,본뜰고기정,고기,tensor([[0.3385]])
827,젠틀로스터스,카페,tensor([[0.3430]])
828,오리샘농원,한식당,tensor([[0.3307]])
829,행복이 가득한 포차,식당,tensor([[0.2889]])
830,리꼬(RICCO) 화덕피자 하남미사 본점,양식,tensor([[0.1127]])
831,온더보더 스타필드하남점,식당,tensor([[0.2204]])
832,돈계돈,고기,tensor([[0.2986]])
833,쥬씨 팔팔 핫도그,카페,tensor([[0.3048]])
834,광평도새기촌 미사강변점,고기,tensor([[0.3232]])
835,달려라 쌀국수,아시안 음식,tensor([[0.2687]])
836,굽네치킨 미사1호점,치킨,tensor([[0.3640]])
837,에이치베이커,베이커리,tensor([[0.3783]])
838,떡밀밀 하남미사점,분식,tensor([[0.2764]])
839,콩나라팥나라,한식당,tensor([[0.2916]])
840,청년다방 미사강변점,분식,tensor([[0.2160]])
841,차오차오(하남점),중국집,tensor([[0.2786]])
842,은혜네 민물매운탕,해물,tensor([[0.2254]])
843,전부처 한잔,식당,tensor([[0.3664]])
844,도도브로스,한식당,tensor([[0.3282]])
845,돌삼닭 하남점,고기,tensor([[0.3910]])
846,파파존스 미사점,피자,tensor([[0.3645]])
847,뚱이네 순대국,한식당,tensor([[0.2075]])
848,정대감 민물장어,해물,tensor([[0.1551]])
849,카츠젠 미사점,돈가스,tensor([[0.1332]])
850,초마 하남점,중국집,tensor([[0.3450]])
851,페이페이 스타필드 하남점,아시안 음식,tensor([[0.3195]])
852,스템커피 하남스타필드점,카페,tensor([[0.3185]])
853,광평 스타필드 하남점,한식당,tensor([[0.3203]])
854,필동함박 하남,양식,tensor([[0.1995]])
855,미사장어명가,해물,tensor([[0.1564]])
856,강릉엄지네꼬막집 미사역점,해물,tensor([[0.1614]])
857,피아커 커피(미사호수공원점),카페,tensor([[0.3269]])
858,조카와 이모가 만드는 조이감자탕,식당,tensor([[0.2100]])
859,샘골민물매운탕,해물,tensor([[0.1464]])
860,하회탈 국수마당,분식,tensor([[0.1854]])
861,응급실국물떡볶이하남신장점,분식,tensor([[0.2336]])
862,또래오래 미사1점,치킨,tensor([[0.3893]])
863,무사이온(Mousaion),카페,tensor([[0.2383]])
864,희노애락포차,식당,tensor([[0.2762]])
865,착한쌈밥,한식당,tensor([[0.3210]])
866,나미꼬스시,일식집,tensor([[0.2601]])
867,장꼬,한식당,tensor([[0.2860]])
868,군산오징어 하남미사점,해물,tensor([[0.1843]])
869,어부네 코다리 미사리점,해물,tensor([[0.2035]])
870,오도독구이 고추장 삼겹살,고기,tensor([[0.2941]])
871,두경희 만두 전골,한식당,tensor([[0.3640]])
872,이가진미,한식당,tensor([[0.2704]])
873,오봉집 하남덕풍점,한식당,tensor([[0.3482]])
874,플로렌스파티하우스 하남점,식당 아님,tensor([[0.1194]])
875,장터 전 일번지,식당,tensor([[0.2287]])
876,산골뜰안집,한식당,tensor([[0.2315]])
877,요기조림,한식당,tensor([[0.3189]])
878,오빠티쉐,베이커리,tensor([[0.2994]])
879,꼬꼬천국,치킨,tensor([[0.3776]])
880,해궁마당,일식당,tensor([[0.1959]])
881,싸이숯불닭갈비,고기,tensor([[0.4089]])
882,복뎅이 황금족발,고기,tensor([[0.3239]])
883,홍익돈까스 하남점,돈가스,tensor([[0.2662]])
884,황제점심뷔페,뷔페,tensor([[0.2144]])
885,더불닭(덕풍시장점),치킨,tensor([[0.3805]])
886,갈비도락 미사본점,고기,tensor([[0.2863]])
887,르 파르크 커피(LE PARC COFFEE),카페,tensor([[0.3274]])
888,장리단 한우국밥,한식당,tensor([[0.2948]])
889,옐로우스케일,카페,tensor([[0.2547]])
890,왕노가리천국,호프,tensor([[0.2923]])
891,먹보한우 하남점,고기,tensor([[0.3198]])
892,광암유황오리,고기,tensor([[0.2819]])
893,처갓집양념치킨 풍산점,치킨,tensor([[0.3367]])
894,정은이네 칼국수,분식,tensor([[0.2792]])
895,하남돼지집 풍산직영점,고기,tensor([[0.3397]])
896,할머니가래떡볶이 하남시청역점,분식,tensor([[0.2174]])
897,화돌농장(하남점),고기,tensor([[0.2458]])
898,타코 프렌즈,분식,tensor([[0.2210]])
899,바른죽 하남신장점,한식당,tensor([[0.3005]])
900,하남미소 명품한우,고기,tensor([[0.2639]])
901,어무이맛 양평해장국 하남점,해장국,tensor([[0.3902]])
902,백채김치찌개 하남신장점,한식당,tensor([[0.3866]])
903,막걸리총각 전처녀,주류,tensor([[0.2070]])
904,케이준치킨 덕풍점,치킨,tensor([[0.4281]])
905,궁가네 김밥  수제비,분식,tensor([[0.2398]])
906,이은영 김밥,분식,tensor([[0.2313]])
907,꿀삐 닭강정 하남덕풍점,치킨,tensor([[0.3187]])
908,오늘도 웃자(초이점),한식당,tensor([[0.3431]])
909,스시오지상,일식집,tensor([[0.2656]])
910,다락방곱창,고기,tensor([[0.3660]])
911,흠커피,카페,tensor([[0.3380]])
912,감탄(하남풍산점),분식,tensor([[0.2226]])
913,바니포차,식당,tensor([[0.2105]])
914,하남 도래창 구이,고기,tensor([[0.3160]])
915,공가네 한우국밥 전문점,한식당,tensor([[0.3606]])
916,낭만찾기,식당,tensor([[0.2077]])
917,OSTERIA 308(오스테리아308),양식,tensor([[0.1371]])
918,주양돈까스 나라,돈가스,tensor([[0.1397]])
919,요기소 먹으면 돼지,고기,tensor([[0.2556]])
920,어도회포차,일식당,tensor([[0.2476]])
921,한솥도시락(하남아이테코점),식당 아님,tensor([[0.1188]])
922,이도수두마리치킨,치킨,tensor([[0.3236]])
923,놀부 보쌈족발 & 놀부 부대찌개 하남점,고기,tensor([[0.3072]])
924,나주개미집,고기,tensor([[0.3375]])
925,지호한방삼계탕 하남 직영점,한식당,tensor([[0.3063]])
926,박주부 돼지집,한식당,tensor([[0.2939]])
927,도네누 하남점,한식당,tensor([[0.2621]])
928,방구리 순대국,식당,tensor([[0.2980]])
929,벌봉돈까스,돈가스,tensor([[0.1291]])
930,자담치킨 하남신장점,치킨,tensor([[0.3775]])
931,하남골 흑염소요리 전문점,고기,tensor([[0.2530]])
932,권현숙의 미사리 팔당냉면 란주도삭면,중국집,tensor([[0.3297]])
933,이진항,해물,tensor([[0.1949]])
934,고골칼국수,한식당,tensor([[0.1708]])
935,덕풍한돈한우정육식당,고기,tensor([[0.2600]])
936,사계명가 한돈한우(No 9),고기,tensor([[0.3502]])
937,옴서감서 가정식백반식당,한식당,tensor([[0.1836]])
938,카츠안'스,돈가스,tensor([[0.1286]])
939,몽촌토성 보리밥 손 칼국수,분식,tensor([[0.1394]])
940,후다다닭,치킨,tensor([[0.3678]])
941,문쉐프의 고기국수,분식,tensor([[0.1489]])
942,청보리 낙지마당,해물,tensor([[0.1781]])
943,주식회사 고덕푸드,식당,tensor([[0.2004]])
944,교산가마솥밥 한상,한식당,tensor([[0.3606]])
945,하늘을 나는 칼국수,분식,tensor([[0.2213]])
946,플로스 파트2(FLOS.PART2),베이커리,tensor([[0.3104]])
947,도끼통닭 하남점,치킨,tensor([[0.4404]])
948,팔미원,중국집,tensor([[0.2451]])
949,벌떼어시장,일식당,tensor([[0.2449]])
950,노랑통닭 하남덕풍점,치킨,tensor([[0.3299]])
951,e참치명가,일식당,tensor([[0.2614]])
952,참맛깔곱창순대국,한식당,tensor([[0.3292]])
953,소박사네 숯불구이,고기,tensor([[0.3717]])
954,이성산칼국수,분식,tensor([[0.2602]])
955,농부숯불갈비,한식당,tensor([[0.3159]])
956,맛있는 꼬소네 치킨,치킨,tensor([[0.3566]])
957,강영감네닭내장,고기,tensor([[0.2773]])
958,제주 YOUNG돈,고기,tensor([[0.3596]])
959,석바다 영양탕,한식당,tensor([[0.2782]])
960,김밥나라(하남3호점),분식,tensor([[0.1903]])
961,동원 소랑돼지랑오리랑,한식당,tensor([[0.3185]])
962,지선이네 삼겹살,한식당,tensor([[0.3707]])
963,방가네 연탄불 고기,고기,tensor([[0.3653]])
964,현정이네 해물예식장,해물,tensor([[0.1809]])
965,종가댁밥상,식당 아님,tensor([[0.1443]])
966,산행마차,호프,tensor([[0.2590]])
967,일파르코,뷔페,tensor([[0.2376]])
968,더우개 생 포갈비,고기,tensor([[0.3344]])
969,천일뼈해장국,해장국,tensor([[0.3540]])
970,시골남원추어탕,식당,tensor([[0.2130]])
971,무창포 조개나라,해물,tensor([[0.2598]])
972,미담바지락칼국수  보쌈,분식,tensor([[0.1754]])
973,성무양꼬치,중국집,tensor([[0.2253]])
974,대갓집 숯불갈비,고기,tensor([[0.3792]])
975,하남장터곱창,고기,tensor([[0.3096]])
976,싸닭(덕풍시장본점),치킨,tensor([[0.3422]])
977,스톤밸리 바베큐,고기,tensor([[0.2348]])
978,옥산가 순대국,한식당,tensor([[0.3235]])
979,달포네막창,고기,tensor([[0.2939]])
980,청송갈비한마당,고기,tensor([[0.3122]])
981,앙마곱창,고기,tensor([[0.2064]])
982,돈굽는마을,고기,tensor([[0.3278]])
983,샘이깊은청학동,주류,tensor([[0.2219]])
984,금수레 황금옻닭,한식당,tensor([[0.2937]])
985,민혜네묵은지삼겹살,고기,tensor([[0.3307]])
986,왕바리냉바리,분식,tensor([[0.1921]])
987,백초묵은삼겹살,고기,tensor([[0.3458]])
988,고골참숯장어,해물,tensor([[0.1662]])
989,서부한우숯불구이,고기,tensor([[0.3518]])
990,덕풍골칡냉면,한식당,tensor([[0.3720]])
991,상화울가든,한식당,tensor([[0.2048]])
992,하남 임가네 부대찌개,한식당,tensor([[0.3554]])
993,형노가(5호점),고기,tensor([[0.3110]])
994,토속 밀냉면.칼국수,분식,tensor([[0.2234]])
995,재호순대국&부대찌개,한식당,tensor([[0.2717]])
996,아리수숯불갈비,고기,tensor([[0.2132]])
997,미사리 풀하우스,고기,tensor([[0.1503]])
998,오천량주막,주류,tensor([[0.3285]])
999,권현숙의 미사리 팔당냉면 중화요리,중국집,tensor([[0.3297]])
1000,달마당쭈꾸미,한식당,tensor([[0.3243]])
1001,여주왕탕집,한식당,tensor([[0.1923]])
1002,곤드레사랑,한식당,tensor([[0.3428]])
1003,쌍바위가든,고기,tensor([[0.2214]])
1004,굴뚝 가마솥 한정식,한식당,tensor([[0.3554]])
1005,청솔돌오리구이,고기,tensor([[0.2667]])
1006,푸챠오,중국집,tensor([[0.3098]])
1007,만돈만리,고기,tensor([[0.1634]])
1008,이화수 전통육개장 창우점,한식당,tensor([[0.3276]])
1009,돔(DOME)676,카페,tensor([[0.1574]])
1010,천년비법 옻닭,고기,tensor([[0.2665]])
1011,시어머니 청국장,한식당,tensor([[0.3768]])
1012,지구에서 온 아구해,해물,tensor([[0.1231]])
1013,온누리누룽지백숙 하남점,고기,tensor([[0.2559]])
1014,복예가든,한식당,tensor([[0.2957]])
1015,위풍닭닭,치킨,tensor([[0.3094]])
1016,새벽 숯불 가든 하남점,고기,tensor([[0.2446]])
1017,더우개곱창덕풍점,고기,tensor([[0.2439]])
1018,미사리바다 해장국,해장국,tensor([[0.4703]])
1019,대사골식당,한식당,tensor([[0.2273]])
1020,옛마당대구뽈찜,해물,tensor([[0.1576]])
1021,이영숙동해동태찜,해물,tensor([[0.2159]])
1022,철탑집,한식당,tensor([[0.3604]])
1023,훈설렁탕,한식당,tensor([[0.3016]])
1024,디딤돌 숨두부집,한식당,tensor([[0.3204]])
1025,한가득 육개장,한식당,tensor([[0.2751]])
1026,회 뜨는 풍경,일식당,tensor([[0.3531]])
1027,커맥하우스,호프,tensor([[0.4160]])
1028,고골산장,한식당,tensor([[0.2510]])
1029,풍전호프,호프,tensor([[0.4234]])
1030,강동복집,해물,tensor([[0.1833]])
1031,장다리 한우마당,고기,tensor([[0.3509]])
1032,이정수치킨전문점,치킨,tensor([[0.3369]])
1033,소문난손칼국수집,분식,tensor([[0.1776]])
1034,피맥 플레이스,피자,tensor([[0.2790]])
1035,구림장어,해물,tensor([[0.2077]])
