,0,1
0,0,인생아구찜 하남점
1,1,아부찌부대찌개 하남감일점
2,2,삼백돈 돈가츠 하남미사점
3,3,카페 송그레
4,4,베르온
5,5,미려돈
6,6,케이준치킨 덕풍점
7,7,설하네 디저트
8,8,신대포 불갈비 하남점
9,9,카멜레온 다이닝(CHAMELEON DINING)
10,10,타타스 하남미사점
11,11,동경규동 하남점
12,12,서울포차 하남미사점
13,13,효정패밀리아카페
14,14,직화에빠지다 하남미사점
15,15,붓다텐 하남점
16,16,참토스트 하남미사점
17,17,요트(YOTE)
18,18,투비 버거
19,19,브런치빈 미사점
20,20,파티인테이블
21,21,나벨라
22,22,할머니가래떡볶이 하남시청역점
23,23,프랭크버거 하남강변로점
24,24,백채김치찌개 하남신장점
25,25,백초묵은삼겹살
26,26,빽정
27,27,우나기 현
28,28,덕찡찡마켓
29,29,1984그수육집칼국수 하남미사
30,30,나진국밥 하남미사점
31,31,멕시카나치킨 하남풍산점
32,32,한라맥주 미사신도시점
33,33,한신포차 하남감일점
34,34,굽네치킨 감일지구점
35,35,미스터 촌돼지
36,36,삼동소바 하남미사점
37,37,피자컴퍼니 감일 마천점
38,38,훈초밥 미사본점
39,39,대한 냉면 미사점
40,40,잭슨피자 하남미사점
41,41,싸닭(덕풍시장본점)
42,42,피자미남 하남미사점
43,43,고기싸롱 미사신도시점
44,44,호정의 식탁
45,45,동근이 숯불두마리치킨 하남감일점
46,46,천일뼈해장국
47,47,플로우나인 하남미사점
48,48,딤타오 하남스타필드점
49,49,다루마 고로케
50,50,광평도새기촌 미사강변점
51,51,벌봉돈까스
52,52,몽촌토성 보리밥 손 칼국수
53,53,삼촌네 조개찜
54,54,탐나종합어시장 미사역점
55,55,동명카츠 하남덕풍점
56,56,봉자 막창 하남미사점
57,57,바다향왕코다리 서하남IC점
58,58,써니의 식탁
59,59,고급양식 하남점
60,60,에이치 베이커
61,61,권현숙의 미사리 팔당냉면 란주도삭면
62,62,안녕숯불&올리브도시락 하남미사점
63,63,꼬꼬천국
64,64,죽이야기 감일점
65,65,정대감 민물장어
66,66,빅빅버거 하남미사점
67,67,고기랑 조개당
68,68,동궁찜닭 하남미사점
69,69,옐로우스케일
70,70,손  쿡희
71,71,버거 스테이지 하남미사점
72,72,명륜진사갈비 하남스타필드점
73,73,더 노벰버 라운지(하남풍산점)
74,74,찐한삼촌
75,75,현정이네 해물예식장
76,76,로바타 미자
77,77,히츠지야 하남미사점
78,78,지호한방삼계탕 하남 직영점
79,79,불백 경성원
80,80,화복칼국수
81,81,장꼬
82,82,젠가든(Zen Garden)
83,83,노랑통닭 하남감일점
84,84,형노가(하남5호점)
85,85,갓텐익스프레스스타필드 하남점
86,86,배떡 하남미사점
87,87,계경순대국 미사역점
88,88,석바다 영양탕
89,89,주식회사 고덕푸드
90,90,스타클럽 5 푸드풋팅(star club 5 food futting)
91,91,부엉이 돈가스 위례스타필드점
92,92,소소떡볶이 하남미사점
93,93,인생장칼 하남풍산점
94,94,디오 베네디또
95,95,봉평 메밀옥
96,96,희노애락포차
97,97,감성낙곱새 하남미사점
98,98,한국피자헛 하남미사점
99,99,위례제주도니
100,100,뱁스카페
101,101,소반짓고
102,102,빵먹는 코끼리
103,103,교촌치킨 미사1호점
104,104,마시쏘부대찌개 미사역직영점
105,105,리틀 블루문(LITTLE BLUE MOON)
106,106,탭플레이커피 스타필드 하남점
107,107,오천량주막
108,108,한채당 정원까페
109,109,구석집 하남미사점
110,110,오늘밤 노가리
111,111,미사냉삼집
112,112,장터 전 일번지
113,113,요기조림
114,114,깐부 불쭈꾸미 동태탕
115,115,도령 남원추어탕
116,116,원조 부안집 하남풍산역점
117,117,멕시카나 하남미사점
118,118,권동식당
119,119,왕노가리천국
120,120,훈마루
121,121,바니포차
122,122,미분당 하남미사점
123,123,반미362 하남미사점
124,124,서부한우숯불구이
125,125,파슷타애요 하남점
126,126,모뜰
127,127,누나홀닭 하남미사점
128,128,옛마당대구뽈찜
129,129,청년부찌냉삼
130,130,강동복집
131,131,토리아에즈 미사역점
132,132,고기극찬 하남미사점
133,133,그린스미스&에그존 하남미사점
134,134,카페 종종
135,135,가마치통닭 덕풍시장점
136,136,두끼 하남미사점
137,137,크닭
138,138,배추야놀자
139,139,포도 앤 보리
140,140,게장맨
141,141,한채당 베이커리
142,142,오한수 우육면가 하남미사점
143,143,펫타리움 미사
144,144,비늄(VINUM) 776
145,145,호식이두마리치킨 하남미사역점
146,146,파주닭국수 하남미사점
147,147,시선 하남미사점
148,148,교촌치킨 미사역점
149,149,누들코드
150,150,지선이네 삼겹살
151,151,별에서 온 토끼
152,152,뱃살도둑 감일점
153,153,편백가원 하남미사점
154,154,그린호미(Green Homee)
155,155,페이페이 스타필드 하남점
156,156,바른치킨 미사강변점
157,157,맘스터치 미사강변대로점
158,158,라치폴라(La cipolla)
159,159,효자동설렁탕 하남점
160,160,고돼지 하남점
161,161,게런티 홀덤 라운지
162,162,한양화로 위례점
163,163,노모어피자 미사점
164,164,미분당 미사역점
165,165,바이더크릭(by the creek)
166,166,차이황
167,167,푸라닭 하남신장점
168,168,이진항
169,169,조카와 이모가 만드는 조이감자탕
170,170,처갓집양념치킨 풍산점
171,171,저돌 쪽 갈비찜
172,172,하하족발
173,173,킹콩 부대찌개 하남현대한강미사점
174,174,이비가짬뽕 올림픽공원점
175,175,행복소머리곰탕전문
176,176,담아봄에
177,177,카페더릿(Cafe The Lit)
178,178,안나스낵 미사역점
179,179,검단 동태찜
180,180,해운대연탄생갈비 하남감일점
181,181,애주꿀전
182,182,하노이 맥주밤거리 하남미사역점
183,183,바다커피&호프
184,184,본죽&비빔밥cafe 미사역점
185,185,BDC카페
186,186,보리향칼국수
187,187,누커스
188,188,조개호
189,189,이성산칼국수
190,190,드까르멜릿
191,191,하나샤브샤브 미사리점
192,192,도마르 스시
193,193,스시 시오미즈
194,194,마라홀릭 마라탕 감일점
195,195,한남동그집 현대지식산업센터2차점
196,196,화로상회 하남감일점
197,197,돈까스짱 미사점
198,198,꿀삐 닭강정 하남덕풍점
199,199,비비큐 위례스타필드점
200,200,일일양 미사직영점
201,201,플라워앤쭈
202,202,파스쿠찌 하남감일DI점
203,203,봉봉키즈 하남미사
204,204,K'1975
205,205,삐삐커피호프
206,206,구름식탁 스타필드시티 위례점
207,207,청년다방 미사강변점
208,208,릴리 시나몬
209,209,압구정화로구이 하남시청점
210,210,탑탑 다이너(TopTop Diner)
211,211,미사에꼬치다
212,212,온락도시락
213,213,성목초밥
214,214,삼산회관 하남미사강변점
215,215,Check Plate(체크 플레이트)
216,216,밀회관 하남미사역점
217,217,감탄밥상
218,218,뉴욕버거 하남(SKV1)점
219,219,정보인 부산돼지국밥(하남미사점)
220,220,강촌식당 하남미사점
221,221,배씨상회 하남미사점
222,222,옛날참숯왕소금구이 (2호점)
223,223,성무양꼬치
224,224,푸챠오
225,225,응급실국물떡볶이하남신장점
226,226,일품 양평해장국 하남미사점
227,227,딜리스볼
228,228,에그드랍 미사점
229,229,미사장어명가
230,230,라무진 미사점
231,231,오스테리아 렌조(OSTERIA RENZO)
232,232,호치면
233,233,냐항바바바 미사역점
234,234,와카이 참치
235,235,뚱이네 순대국
236,236,도네누 하남점
237,237,한솥도시락 미사2동점
238,238,팔각도 하남미사역점
239,239,댕크야드(Dank yard)
240,240,전부처 한잔
241,241,비.마이 가든(B. my Garden)
242,242,브런치&카페 알로(Brunch&Cafe allo)
243,243,곤드레사랑
244,244,보석어묵CAFE
245,245,자담치킨 위례스타필드점
246,246,용갈집
247,247,참살이 샐러드
248,248,감동노가리
249,249,미담바지락칼국수  보쌈
250,250,본도시락하남미사점
251,251,먹보한우 하남점
252,252,설맥 미사점
253,253,맘스터치 미사역점
254,254,맥쓰(MEXX) 세계치킨 하남미사 한강점
255,255,탑 해물칼국수(하남점)
256,256,신사꽃등심 미사직영점
257,257,하남찌개마을 국내산냉삼
258,258,테임드커피(Tamed coffee)
259,259,시골남원추어탕
260,260,두꺼비토종 순대국
261,261,주양돈까스 나라
262,262,갈속집 하남시청역점
263,263,청보리 낙지마당
264,264,종가댁밥상
265,265,디디키키 베이커리
266,266,옥산가 순대국
267,267,오션스펍 하남미사점
268,268,몽땅만두 미사역점
269,269,한없는커피
270,270,브리즈번 버거앤비어 하남미사역점
271,271,배다리 문가네
272,272,김가네 미사스카이폴리스점
273,273,꽈베기와 동그리
274,274,흑삼족
275,275,신계닭갈비 미사점
276,276,면대면우육면마라탕
277,277,이동욱스시
278,278,자전거곱창
279,279,콩나라팥나라
280,280,필동함박 하남
281,281,미사텐
282,282,사계진미 하남점
283,283,뽕이야(본점)
284,284,두찜 하남미사점
285,285,한회장댁
286,286,레디타임(readytime)
287,287,취향마라마라탕 하남미사점
288,288,포메인 RED 하남미사점
289,289,하남돼지집 풍산직영점
290,290,소박사네 숯불구이
291,291,덕만이네 뼈해장국
292,292,뚝방불끈낙지
293,293,응큼떡볶이 미사점
294,294,라홍방마라탕 미사역점
295,295,쌍바위가든
296,296,초가네장어구이 하남점
297,297,달마당쭈꾸미
298,298,어부네 코다리 미사리점
299,299,갑산면옥
300,300,카츠몬
301,301,동래정 하남미사점
302,302,테이스트앤드테이스트 피자 스탠드 하남 스타필드점
303,303,우먼스키친
304,304,최가다방
305,305,차이니즈 인 미사
306,306,한끼정 하남점
307,307,춘옥이네
308,308,생활맥주 위례점
309,309,떡밀밀 하남미사점
310,310,청년감자탕순대국 하남미사점
311,311,쭈니네랭삼
312,312,12인치 사운드바
313,313,홍미김밥
314,314,우시야 미사점
315,315,도도브로스
316,316,산골뜰안집
317,317,면면히
318,318,리스닝커피로스터스
319,319,다래육회
320,320,덕풍한돈한우정육식당
321,321,콘부 스타필드하남
322,322,고골산장
323,323,두경희 만두 전골
324,324,조선육회 하남점
325,325,호수꼬치 하남신장점
326,326,재킨보아즈
327,327,김가네 미사중앙점
328,328,치킨봇
329,329,산행마차
330,330,삼형제김밥 미사점
331,331,도야족발보쌈 미사하남점
332,332,만선호프 하남미사점
333,333,신사동인동 하남점
334,334,한솥도시락(하남아이테코점)
335,335,소담촌 하남신장점
336,336,훈설렁탕
337,337,피아커 커피(미사호수공원점)
338,338,소코아 하남미사점
339,339,위니드밥 풍산점
340,340,마라촉 마라탕&마라샹궈
341,341,윤쉐프's 키친&펍
342,342,아담만두(미사점)
343,343,OSTERIA 308(오스테리아308)
344,344,미사원조곱창
345,345,소자밥상
346,346,우리동네 참치정육점(미사점)
347,347,신사냉삼촌 하남미사점
348,348,스테이미사 브런치&레스토랑
349,349,고골참숯장어
350,350,빈타그런스 브루잉 바
351,351,낙원할머니뼛칼 본점
352,352,곱분이곱창 감일점
353,353,수 스테이크(Soo Steak)
354,354,신참떡볶이 하남덕풍점
355,355,탐나는 피자 하남점
356,356,짬뽕관 하남미사점
357,357,더노벰버라운지 하남감일점
358,358,우리할매떡볶이 하남덕풍점
359,359,삼덕통닭 미사점
360,360,파파존스 미사점
361,361,소당깨
362,362,푸라닭 하남덕풍점
363,363,돌삼닭 하남점
364,364,델리퀸 하남미사점
365,365,더우개곱창덕풍점
366,366,바다동태탕솥밥전문점 하남풍산직영점
367,367,순정한우정육식당 미사점
368,368,포시애틀 하남풍산점
369,369,여우애김밥 하남U1센터점
370,370,짚신매운갈비찜 미사강변점
371,371,홍그린 로얄 스페셜
372,372,이가돈 매운갈비찜
373,373,갯벌의 조개 미사역점
374,374,맛찬들왕소금구이 하남미사점
375,375,Elefant(엘레판트)
376,376,몽계옥
377,377,등촌샤브칼국수 하남미사점
378,378,오리샘농원
379,379,감탄(하남풍산점)
380,380,아담스꼬마김밥 미사점
381,381,남다른 감자탕 하남미사점
382,382,교촌치킨 풍산지구점
383,383,두끼 하남신장점
384,384,안주가 하남미사점
385,385,라이크어시네마 하남미사점
386,386,회 뜨는 풍경
387,387,또래오래 미사1점
388,388,무국적식탁 하남점
389,389,장수한우곱창 옥천냉면
390,390,보배반점 하남미사점
391,391,바른치킨 하남시청역점
392,392,권현숙의 미사리 팔당냉면 중화요리
393,393,무궁화주택 하남미사점
394,394,나타 커피 하우스
395,395,피자알볼로 감일거여점
396,396,우리 할매 떡볶이 하남감일점
397,397,강릉엄지네꼬막집 미사역점
398,398,조선부뚜막 하남감일점
399,399,이도수두마리치킨
400,400,모모타코야끼 위례점
401,401,완판도 미사점
402,402,피자나라치킨공주 위례신도시점
403,403,벌떼어시장
404,404,사모님 토스트
405,405,라운지 비 LOUNGE B
406,406,오도독구이 고추장 삼겹살
407,407,미사리바다 해장국
408,408,미사 메밀관
409,409,노티드 하남 스타필드
410,410,미사정육왕
411,411,망월전
412,412,호빈초밥
413,413,사심i
414,414,하회탈 국수마당
415,415,동경규동 미사스퀘어점
416,416,장리단 한우국밥
417,417,방가네 연탄불 고기
418,418,무창포 조개나라
419,419,진대감 하남미사점
420,420,일동실비 하남덕풍점
421,421,소소밀 베이커리(SoSoMeal Bakery)
422,422,소담촌 하남미사점
423,423,유로코피자 위례신도시점
424,424,푼타하우스
425,425,타이반쩜 하남미사점
426,426,고래맥주창고(하남미사점)
427,427,처갓집양념치킨 미사강변점
428,428,또래오래 북위례점
429,429,바티토
430,430,원조 양평해장국 미사점
431,431,카페키노(KAFE KINO)
432,432,말쿤20 한우전문점
433,433,한가득 육개장
434,434,완벽한생갈비
435,435,봉명동내커피 하남미사점
436,436,마라입구 미사점
437,437,60계치킨 경기하남감일지구점
438,438,감일돈
439,439,청담이상 하남미사역점
440,440,디리포소
441,441,플로피(floffee)
442,442,철뚝집 하남미사점
443,443,역전우동0410 미사강변중앙점
444,444,달려라 쌀국수
445,445,일파르코
446,446,복예가든
447,447,심야반점 하남미사점
448,448,원할머니보쌈 미사 강변배달점
449,449,소코아 하남감일점
450,450,프랭크버거 하남신장점
451,451,BBQ하남신장점
452,452,멀티푸드 하남점
453,453,구가네 닭강정 호프
454,454,하오마라 미사역점
455,455,오꾸꼬 위례점
456,456,짱꼬집(하남미사점)
457,457,몸신 흑염소전문점
458,458,하남돼지집 미사숲공원점
459,459,보께 리우
460,460,육회바른연어 미사점
461,461,에이치베이커
462,462,육쌈냉면 미사점
463,463,역전할머니맥주 하남북위례점
464,464,고골칼국수
465,465,궁사부
466,466,달수네 꾸지뽕닭한마리
467,467,스윗바니(Sweet Bunny)
468,468,기와집양대창센타
469,469,오쥬리 사랑채
470,470,꾸브라꼬 숯불두마리치킨 감일점
471,471,생활맥주 하남미사점
472,472,수 장터국밥
473,473,겟레디커피(Get Ready Coffee)
474,474,동해 강릉 초당짬뽕순두부 하남미사점
475,475,도미노피자 하남신장점
476,476,소요일 미사직영점
477,477,후라토식당 하남미사점
478,478,육미애
479,479,미사리 풀하우스
480,480,나미꼬스시
481,481,일산등심박이
482,482,츠카미치
483,483,박승광 해물 손칼국수 하남미사점
484,484,클린7080라이브
485,485,한끼홈쿡 미사본점
486,486,미생맥주(미사강변점)
487,487,이정수치킨전문점
488,488,연족
489,489,윈터포레스트1224(Winter Forest 1224)
490,490,카페다예
491,491,족발예찬 하남미사점
492,492,가마솥 순대국 뼈도리탕
493,493,마라탕에 빠진날
494,494,브라운돈까스 하남감일점
495,495,진1926 하남미사
496,496,오빠티쉐
497,497,치킨마루 하남신장점
498,498,야마이루식 우동
499,499,나은치킨
500,500,동백연화 미사점
501,501,착한쌈밥
502,502,김가네 미사현대1차점
503,503,대갓집 숯불갈비
504,504,매일의 식탁
505,505,하남장터곱창
506,506,철길부산집 하남감일점
507,507,꾸브라꼬 숯불두마리치킨 위례점
508,508,세광양대창 하남미사점
509,509,에헴 양식당
510,510,사미반점 신장점
511,511,춘리마라탕 미사점
512,512,올라잇(holaeat)
513,513,프랭크버거 하남감일 단샘점
514,514,레알 청아간장게장
515,515,드로게리아
516,516,사미반점 미사2호점
517,517,최구야 김치찌개
518,518,다올 굴순두부
519,519,앨빈 쿠치나
520,520,효하우스 골목길포차
521,521,백채김치찌개 미사역점
522,522,비비큐 풍산중앙점
523,523,후우스
524,524,이속우화 구우몽
525,525,큰맘할매순대국 하남신장점
526,526,팔당 북촌골 미사점
527,527,후다다닭
528,528,하남 임가네 부대찌개
529,529,지구에서 온 아구해
530,530,하남미소 명품한우
531,531,제주 YOUNG돈
532,532,함무바 돼지 국밥
533,533,형노가(5호점)
534,534,쥬씨 팔팔 핫도그
535,535,풍산화우
536,536,고봉민김밥인 하남미사역점
537,537,젠틀로스터스
538,538,빙츄르 미사호수공원점
539,539,쏘르제 루나(Sorge luna)
540,540,팔미원
541,541,철길부산집 하남미사점
542,542,오닭꼬치 하남미사점
543,543,디저트 카페(DESSERT CAFE) 널문
544,544,유우조우
545,545,황금코다리 하남 검단산점
546,546,생활맥주 하남 창우점
547,547,오늘은 라면125 애니벤
548,548,놀부 보쌈족발 & 놀부 부대찌개 하남점
549,549,호미스피자 미사점
550,550,금수네밥집
551,551,마린보이 코다리1번가(망월점)
552,552,배가 푸지미
553,553,지코바 위례1호점
554,554,돔(DOME)676
555,555,홍송우렁쌈밥
556,556,카츠젠 미사점
557,557,고피자 하남미사점
558,558,맘스터치 피자앤치킨 하남시청역점
559,559,마장동 정 순대국
560,560,나주개미집
561,561,왔따쪽갈비(하남미사점)
562,562,스와(soir)
563,563,YELLOW75 CAFE(옐로우75 카페)
564,564,365 한쌈
565,565,계림원 미사중앙점
566,566,별룸포차
567,567,돈굽는마을
568,568,도끼통닭 하남점
569,569,카츠키
570,570,처갓집양념치킨 미사역점
571,571,은혜네 민물매운탕
572,572,봉맥
573,573,돈계돈
574,574,한솥도시락 하남감일점
575,575,낭만찾기
576,576,장다리 한우마당
577,577,감탄밥상 미사점
578,578,미사 참숯불갈비
579,579,나무루
580,580,달빛오징어광어미사점
581,581,마시내 하남감일점
582,582,역전할머니맥주미사신도시점
583,583,소플러스서하남점
584,584,시어머니 청국장
585,585,심플레이스 하남점
586,586,자담치킨 하남풍산점
587,587,프랭크버거 하남점
588,588,로드샌드위치 하남미사점
589,589,목삼고집
590,590,미태리 하남감일점
591,591,파더스 베이글 하남미사점
592,592,헤라스 빈야드
593,593,명품키친 하남점
594,594,바른죽 하남신장점
595,595,교산가마솥밥 한상
596,596,인생아구찜 미사점
597,597,우대포 미사직영점
598,598,인생객잔
599,599,청년분식 하남미사점
600,600,포하이퐁 미사점
601,601,정오리 돌판구이
602,602,Wine Maria(와인마리아)
603,603,피자스톰 미사점
604,604,이은영 김밥
605,605,젤리스트로우
606,606,오고가 미사점
607,607,궁가네 김밥  수제비
608,608,구이가 감일점
609,609,째깍섬 키즈클래스 하남
610,610,박주부 돼지집
611,611,강영감네닭내장
612,612,방배동 할매쭈꾸미 하남미사점
613,613,배부장찌개 미사역점
614,614,강우 정육식당
615,615,세화갈비 미사점
616,616,호식이두마리치킨 미사1호점
617,617,키슬
618,618,오봉집 하남덕풍점
619,619,카라핑 카페
620,620,육이구낙곱새 하남미사점
621,621,타붕
622,622,띤띤 드 타마린드 하남스타필드점
623,623,스파게티스토리 스카이폴리스점
624,624,교동전선생 하남미사점
625,625,퀸즈 당구장
626,626,우리할매떡볶이 하남미사점
627,627,바캉스인미사
628,628,보드람치킨 미사강변점
629,629,미사전
630,630,하남냉삼0458
631,631,전설낙곱새 위례송파점
632,632,대동면옥 올림픽공원직영점
633,633,타코 프렌즈
634,634,여주왕탕집
635,635,롤링파스타 미사강변중앙점
636,636,명품빨강오뎅
637,637,카페 루가노
638,638,하남 삼육식당
639,639,화포식당 미사강변점
640,640,발라티에
641,641,하남골 흑염소요리 전문점
642,642,하남 찰리황
643,643,별난아재맥주 하남미사점
644,644,파스타입니다 하남점
645,645,피플 파스타(PEOPlE)
646,646,공가네 한우국밥 전문점
647,647,이화수 전통육개장 창우점
648,648,페이브 베이커리 미사역점
649,649,위풍닭닭
650,650,오롯한상
651,651,아담스 꼬마김밥 위례점
652,652,스시코호시 미사
653,653,노모어 피자 하남시청역점
654,654,신세대맥주 미사
655,655,멜팅슬로우
656,656,봄봄 하남미사점
657,657,와하카
658,658,청정플러스수산
659,659,에이트리 카페
660,660,현야
661,661,꼼떼 갈비살
662,662,스쿨푸드 미사딜리버리점
663,663,돈소풍
664,664,편백상회 하남점
665,665,제주은희네해장국 하남미사점
666,666,모랑 하남지산IS점
667,667,하남추어매운탕
668,668,어무이맛 양평해장국 하남점
669,669,두레통닭 하남감일점
670,670,플로스 파트2(FLOS.PART2)
671,671,BBQ치킨 감일점
672,672,큰집닭강정 위례점
673,673,맘스터치 하남풍산점
674,674,리리삼
675,675,비와별닭갈비 스타필드 위례점
676,676,무사이온(Mousaion)
677,677,폴트버거 스타필드 하남점
678,678,이퀄센세이션
679,679,카츠안'스
680,680,까페 아르볼 하남미사점
681,681,돌깨마을맷돌순두부 하남미사점
682,682,천호용궁알탕 하남미사점
683,683,아라치 하남미사점
684,684,앙마곱창
685,685,가나점보돈까쓰
686,686,막걸리총각 전처녀
687,687,홍윤곰탕
688,688,할머니가래떡볶이 미사호수공원점
689,689,재호순대국&부대찌개
690,690,미소야 미사역점
691,691,더피쉬워크샵
692,692,더우개 생 포갈비
693,693,선비다이닝 하남미사점
694,694,기영이 숯불두마리치킨 하남미사점
695,695,한상차림 코다리명가 하남점
696,696,피맥 플레이스
697,697,청년어부 미사역점
698,698,달리감자탕
699,699,77년생 곱도리 전골식당 미사직영점
700,700,흑향정
701,701,치킨갱스터 미사점
702,702,육감적
703,703,베스트생갈비찜&찜닭(하남점)
704,704,테이블린 미사현대1차점
705,705,행복이 가득한 포차
706,706,파이 앤 브레드(Pie & Bread)
707,707,온달집 미사역점
708,708,오늘도 웃자(초이점)
709,709,구림장어
710,710,스푸키(Spookie)
711,711,포케올데이 하남미사점
712,712,리꼬(RICCO) 화덕피자 하남미사 본점
713,713,강남집 하남점
714,714,착한파스타 하남미사점
715,715,마마쿡 미사점
716,716,카페시나몬가든
717,717,산드르 한방약초 샤브
718,718,명륜진사갈비 하남미사점
719,719,청년다방 감일점
720,720,형제 특수부위 미사점
721,721,굴뚝 가마솥 한정식
722,722,홍미닭발 하남미사점
723,723,우동 쯔요시
724,724,신선미 미사리우동(하남감일점)
725,725,바비레드 하남
726,726,혼밥대왕 하남점
727,727,주덜트
728,728,주싸롱
729,729,어도회포차
730,730,슬로우캘리 하남미사점
731,731,광평 스타필드 하남점
732,732,마라의 민족 미사점
733,733,대사골식당
734,734,피자하우스 미사스마트밸리점
735,735,제줏간 미사역점
736,736,커맥하우스
737,737,조인 더 클럽
738,738,더피제리아마켓
739,739,하루엔소쿠 감일마크베르점
740,740,샘이깊은청학동
741,741,토속 밀냉면.칼국수
742,742,아빠찜 미사역점
743,743,미뜸
744,744,죽이야기 미사한홀초교점
745,745,키치 플레이트
746,746,두숫놈
747,747,푸라닭 하남감일점
748,748,프랭크버거 하남미사점
749,749,고집센 만두전골 두루치기
750,750,돈바돈가스
751,751,BBQ 하남미사역점
752,752,골뱅이 신사 in 미사
753,753,장가짜장 24시
754,754,해궁마당
755,755,식껍 하남감일점
756,756,온더보더 스타필드하남점
757,757,일품양평해장국 하남아이테코점
758,758,프리티플레저
759,759,국밥쟁이(풍산점)
760,760,파스타어때 하남미사본점
761,761,갈비도락 미사본점
762,762,옴서감서 가정식백반식당
763,763,보길도황칠면역삼계탕
764,764,해장요리전문 임사부국밥 미사점
765,765,오븐마루치킨 하남미사점
766,766,퇴촌중앙갈비 하남점
767,767,맛있는 꼬소네 치킨
768,768,츄릅(churrrp)
769,769,온담순대국 미사스카이폴리스점
770,770,종로김밥 미사역점
771,771,경양카츠 하남미사점
772,772,푸드박스 송파점
773,773,싸이숯불닭갈비
774,774,해솔네트웍스
775,775,하늘을 나는 칼국수
776,776,정가네 돈오리
777,777,플로렌스파티하우스 하남점
778,778,로스트피그 미사
779,779,찌엔용
780,780,하남 정덮밥 미사점
781,781,삼순네 바지락 칼국수
782,782,가마솥순대국밥 미사중앙점
783,783,옥된장 미사스카이폴리스점
784,784,예원닭강정 하남점
785,785,닭삼 바베큐치킨
786,786,청담동마녀김밥 미사점
787,787,르 파르크 커피(LE PARC COFFEE)
788,788,금수레 황금옻닭
789,789,탐라포차 미사강변점
790,790,247숯불꼬치
791,791,떠오름 푸드
792,792,꽈배기와 동그리
793,793,미미사500원양꼬치
794,794,달포네막창
795,795,뜸들이다 하남미사점
796,796,샤오바오 미사점
797,797,진 미사포구
798,798,낙현식당
799,799,길동우동 미사점
800,800,백스비어 하남 미사점
801,801,이태원 삼겹 미사점
802,802,고메스퀘어 미사점
803,803,황제점심뷔페
804,804,한마음정육식당 하남미사1호점
805,805,슈슈브런치 하남감일점
806,806,회장님댁 하남신장점
807,807,카페마마스 하남스타필드점
808,808,얌샘김밥 하남미사중앙점
809,809,투다리 풍산점
810,810,한솥 미사역9번출구점
811,811,솥단지 찹쌀순대국
812,812,팔당돼지수제갈비
813,813,제이에이치 브루잉(JH Brewing)
814,814,하남소곱창전골 불향기
815,815,문쉐프의 고기국수
816,816,추닭집 미사2호점
817,817,경성나루
818,818,청록 미나리식당 미사강변점
819,819,광암유황오리
820,820,라스트춘선 하남점
821,821,리미니 스타필드 위례점
822,822,교촌치킨 하남감일점
823,823,도미노피자 하남미사점
824,824,도미노피자 하남감일점
825,825,호오탕 훠꿔
826,826,키토분식 미사역점
827,827,레이크 비스트로
828,828,미사리제면소
829,829,더불닭(덕풍시장점)
830,830,만차이
831,831,화포식당 감일점
832,832,김뚜껑 부대찌개 미사역점
833,833,로우프레스(lowpress)
834,834,패티바이번 위례점
835,835,허니문한방삼계탕
836,836,맘스터치 하남감일점
837,837,벨로파크(Velo Park)
838,838,새벽 숯불 가든 하남점
839,839,하타네 하남미사점
840,840,하남 도래창 구이
841,841,야키토리 미사(Yakitori misa)
842,842,뱃살도둑 미사점
843,843,참맛깔곱창순대국
844,844,부빵(Beau pain)
845,845,채선당자연한가득 하남미사점
846,846,블리스버거 하남감일점
847,847,푸라닭 하남미사역점
848,848,루꽐라
849,849,더 퍼(The per)
850,850,차오차오(하남점)
851,851,한결보쌈 하남점
852,852,민혜네묵은지삼겹살
853,853,스트릿1988 하남감일점
854,854,깡우동 하남미사점
855,855,황산 참치 테스타타워점
856,856,소문난손칼국수집
857,857,사계명가 한돈한우(No 9)
858,858,군산오징어 하남미사점
859,859,구구족 하남점
860,860,하남돼지집 하남스타필드점
861,861,카페 누이(cafe nue)
862,862,스카이블랑
863,863,스시오지상
864,864,자연미당 추어탕
865,865,김밥나라(하남3호점)
866,866,무청감자탕 한강미사점
867,867,샘골민물매운탕
868,868,신선미 미사리우동(미사리본점)
869,869,육회바른연어 하남신장점
870,870,카츠소당 하남점
871,871,마장동고기집 미사점
872,872,박쉐프 슈가네돈카츠
873,873,차고집칡냉면 미사점
874,874,스템커피 하남스타필드점
875,875,요네즈
876,876,자담치킨 미사중앙점
877,877,다락방곱창
878,878,옥희네국밥
879,879,우마왕과 저팔계
880,880,로쏘폴라레
881,881,소담지짐이 위례점
882,882,포코포코 하남미사점
883,883,생마차 하남미사점
884,884,하남돼지집 미사 신도시점
885,885,준이네 숯불닭갈비
886,886,벤탄빌라 미사점
887,887,부어치킨하남미사점
888,888,라홍방마라탕 감일점
889,889,해품장 팔팔장어 하남미사점
890,890,처갓집양념치킨 창우점
891,891,이바돔감자탕 하남미사점
892,892,79대포 하남풍산점
893,893,코우게츠
894,894,싸다김밥 미사역점
895,895,족발야시장 미사점
896,896,처갓집양념치킨 감일점
897,897,라멘온도
898,898,BBQ 하남망월점
899,899,청년다방 미사역점
900,900,메밀생각 봉평막국수
901,901,Permanent Chillin' 퍼머넌트 칠린
902,902,오모로이 쇼쿠도
903,903,동대문 엽기떡볶이 하남 미사강변점
904,904,솔라멘
905,905,비스트로 홍
906,906,바른곱창(감일점)
907,907,스노우피크 랜드스테이션 하남
908,908,미사맛집 배째 닭한마리 칼국수
909,909,손님상
910,910,매머드익스프레스 미사현대2차점
911,911,카페 보케리아
912,912,마왕족발 하남감일점
913,913,꿀꿀진순대 미사점
914,914,소주물 하남시청점
915,915,신전떡볶이 감일점
916,916,족슐랭 하남미사역점
917,917,본뜰고기정
918,918,BBQ 하남미사중앙점
919,919,초마 하남점
920,920,방구리 순대국
921,921,페리카나 미사1점
922,922,천년소나무
923,923,시온미반
924,924,바우네 나주곰탕 감일점
925,925,350 스노우 에비뉴(Snow Avenue)
926,926,예술피자 하남점
927,927,메이창
928,928,피자쿠치나 하남스타필드점
929,929,지호한방삼계탕 미사점
930,930,토담옛날통닭 하남학암동점
931,931,(주)바운스 슈퍼파크 하남센터
932,932,화덕고깃간 미사강변점
933,933,스노우플렉스(SNOW FLEX)
934,934,한옥집김치찜 스타필드 위례점
935,935,이가진미
936,936,치킨연맹 하남점
937,937,미생맥주 하남감일점
938,938,청솔돌오리구이
939,939,금돈왕돈가스 육칼
940,940,귀한족발 하남감일지구점
941,941,길동우동 하남감일점
942,942,생활맥주 하남감일점
943,943,그린콕(Green Cok)
944,944,웍 앤 누들
945,945,라미향마라탕
946,946,화돌농장(하남점)
947,947,일타포차
948,948,모모타코야끼 하남점
949,949,e참치명가
950,950,처갓집양념치킨 북위례점
951,951,김복남맥주 하남미사역점
952,952,홍대쌀국수(미사강변점)
953,953,천년비법 옻닭
954,954,동동밤
955,955,이비티(ebt) 스타필드 하남점
956,956,달빛과일 하남점
957,957,빽다방 미사센트럴자이점
958,958,Bhc(비에이치씨) 미사호반점
959,959,투다리 감일역점
960,960,풍미숯불꼼장어
961,961,복뎅이 황금족발
962,962,덕풍골칡냉면
963,963,자담치킨 하남신장점
964,964,남영동양문 하남미사점
965,965,만돈만리
966,966,테트리스찜닭 미사하남점
967,967,코다리와 능이버섯 미사
968,968,강창구 진순대 미사센텀비즈점
969,969,요기소 먹으면 돼지
970,970,아리수 정육식당
971,971,에바돈가츠 감일점
972,972,서가네기절닭발
973,973,온누리누룽지백숙 하남점
974,974,두찜 하남덕풍점
975,975,짜란다
976,976,미사국물닭발1982
977,977,하남불끈장어
978,978,농부숯불갈비
979,979,탕화쿵푸 감일점
980,980,상화울가든
981,981,사나이 순대국
982,982,왕바리냉바리
983,983,카페 아리온
984,984,우리동네밥집 미사본점
985,985,굽네치킨 미사1호점
986,986,쭈꾸미와 친구들
987,987,니하오마라탕 신장점
988,988,치이익
989,989,운미가
990,990,청송갈비한마당
991,991,흥도식당 하남점
992,992,용광루
993,993,이가원(한식뷔페)
994,994,하남돼지집 미사역점
995,995,풍전호프
996,996,훠궈야 스타필드 하남점
997,997,동원 소랑돼지랑오리랑
998,998,힘난다버거 하남감일점
999,999,대동집미사점
1000,1000,철탑집
1001,1001,날쌘카페 하남미사점
1002,1002,쉐 울리엘(chez ulliel)
1003,1003,솔솥 미사강변점
1004,1004,정은이네 칼국수
1005,1005,이영숙동해동태찜
1006,1006,스톤밸리 바베큐
1007,1007,마라이쉔
1008,1008,최고집 평양만두
1009,1009,김준호의 대단한갈비 하남미사로데오점
1010,1010,아리수숯불갈비
1011,1011,춘향골 남원추어탕 미사점
1012,1012,맘스터치 하남미사점
1013,1013,광장 풍천장어
1014,1014,써니핸드에프앤비둥둥치킨
1015,1015,초광한식부페
1016,1016,누나홀닭 하남풍산점
1017,1017,미사대패
1018,1018,홍익돈까스 하남점
1019,1019,유브유부 위례점
1020,1020,모토이시 하남 미사점
1021,1021,서울떡갈비&우이락 신세계스타필드하남점
1022,1022,최부자네
1023,1023,송정상목장
1024,1024,흠커피
1025,1025,아토키토 하남위례점
1026,1026,밥밥디라라 하남미사강변점
1027,1027,일삼백 하남미사점
1028,1028,노랑통닭 하남덕풍점
1029,1029,지코바 미사1호점
1030,1030,광수육회 하남미사점
1031,1031,불꾸러기
1032,1032,디딤돌 숨두부집
